arquivo,classe,status,refs_externas,refs_no_bloco,loc,quarantine_confidence
app/Services/Ai/AutonomousEvolution/Aael/Execution/Redaction/AtlasAaelEvidenceRedactionPolicy.php,AtlasAaelEvidenceRedactionPolicy,ORFAO,0,2,36,high
app/Services/Ai/AutonomousEvolution/Aael/Execution/Redaction/AtlasAaelEvidenceRedactionPolicyRegistry.php,AtlasAaelEvidenceRedactionPolicyRegistry,ORFAO,0,1,255,high
app/Services/Ai/AutonomousEvolution/Aael/Execution/Redaction/AtlasAaelEvidenceRedactionRule.php,AtlasAaelEvidenceRedactionRule,ORFAO,0,3,55,high
app/Services/Ai/AutonomousEvolution/Aael/Execution/Redaction/AtlasAaelEvidenceRedactor.php,AtlasAaelEvidenceRedactor,ORFAO,0,1,205,high
app/Services/Ai/AutonomousEvolution/Aael/Execution/Debugger/AtlasAaelExecutionDebuggerReceiptLedger.php,AtlasAaelExecutionDebuggerReceiptLedger,ORFAO,0,0,97,review-aael
app/Services/Ai/AutonomousEvolution/Aael/AtlasAaelExecutionDriftAuditor.php,AtlasAaelExecutionDriftAuditor,ORFAO,0,1,70,high
app/Services/Ai/AutonomousEvolution/Aael/Execution/AtlasAaelExecutionEmergencyAbortGate.php,AtlasAaelExecutionEmergencyAbortGate,ORFAO,0,0,94,review-aael
app/Services/Ai/AutonomousEvolution/Aael/Execution/AtlasAaelExecutionPlanInvariantChecker.php,AtlasAaelExecutionPlanInvariantChecker,ORFAO,0,0,194,review-aael
app/Services/Ai/AutonomousEvolution/Aael/AtlasAaelExecutionPlanProver.php,AtlasAaelExecutionPlanProver,ORFAO,0,1,114,high
app/Services/Ai/AutonomousEvolution/Aael/Execution/AtlasAaelExecutionPlanSemanticProver.php,AtlasAaelExecutionPlanSemanticProver,ORFAO,0,0,186,review-aael
app/Services/Ai/AutonomousEvolution/Aael/Execution/Rollback/AtlasAaelExecutionPreImageSnapshotter.php,AtlasAaelExecutionPreImageSnapshotter,ORFAO,0,2,264,review-aael
app/Services/Ai/AutonomousEvolution/Aael/AtlasAaelExecutionReceiptLedger.php,AtlasAaelExecutionReceiptLedger,ORFAO,0,1,175,review-aael
app/Services/Ai/AutonomousEvolution/Aael/Execution/Rollback/AtlasAaelExecutionRollbackExecutor.php,AtlasAaelExecutionRollbackExecutor,ORFAO,0,1,267,review-aael
app/Services/Ai/AutonomousEvolution/Aael/Execution/Rollback/AtlasAaelExecutionRollbackReceiptLedger.php,AtlasAaelExecutionRollbackReceiptLedger,ORFAO,0,0,311,review-aael
app/Services/Ai/AutonomousEvolution/Aael/Execution/AtlasAaelExecutionSafeStateRecoverer.php,AtlasAaelExecutionSafeStateRecoverer,ORFAO,0,0,139,review-aael
app/Services/Ai/AutonomousEvolution/Aael/Execution/Debugger/AtlasAaelExecutionStepStateInspector.php,AtlasAaelExecutionStepStateInspector,ORFAO,0,0,162,high
app/Services/Ai/AutonomousEvolution/Aael/Execution/Debugger/AtlasAaelExecutionStepwisePauseGate.php,AtlasAaelExecutionStepwisePauseGate,ORFAO,0,0,150,review-aael
app/Services/Ai/AutonomousEvolution/Aael/Execution/TraceReplay/AtlasAaelExecutionTraceRecorder.php,AtlasAaelExecutionTraceRecorder,ORFAO,0,1,234,review-aael
app/Services/Ai/AutonomousEvolution/Aael/Execution/TraceReplay/AtlasAaelExecutionTraceReplayer.php,AtlasAaelExecutionTraceReplayer,ORFAO,0,0,136,review-aael
app/Services/Ai/AutonomousEvolution/Aael/Execution/InFlight/AtlasAaelInFlightDriftAuditor.php,AtlasAaelInFlightDriftAuditor,ORFAO,0,0,79,review-aael
app/Services/Ai/AutonomousEvolution/Aael/Execution/InFlight/AtlasAaelInFlightReceiptLedger.php,AtlasAaelInFlightReceiptLedger,VIVO-EXTERNO,1,0,147,
app/Services/Ai/AutonomousEvolution/Aael/Execution/InFlight/AtlasAaelInFlightStepValidator.php,AtlasAaelInFlightStepValidator,ORFAO,0,1,129,review-aael
app/Services/Ai/AutonomousEvolution/AtlasAaelLoopExecutionBridge.php,AtlasAaelLoopExecutionBridge,ORFAO,0,0,273,review-aael
app/Services/Ai/AutonomousEvolution/Aael/Parallel/AtlasAaelParallelExecutionReceiptLedger.php,AtlasAaelParallelExecutionReceiptLedger,ORFAO,0,0,114,review-aael
app/Services/Ai/AutonomousEvolution/Aael/Parallel/AtlasAaelParallelStepScheduler.php,AtlasAaelParallelStepScheduler,ORFAO,0,0,176,review-aael
app/Services/Ai/AutonomousEvolution/Quaternity/IntentResolver/AtlasAutonomosIntentResolverBindings.php,AtlasAutonomosIntentResolverBindings,VIVO-EXTERNO,1,0,15,
app/Services/Ai/AutonomousEvolution/AtlasAutonomosMasterSwitch.php,AtlasAutonomosMasterSwitch,VIVO-TRANSITIVO,0,1,36,
app/Services/Ai/AutonomousEvolution/AtlasAutonomousEvolutionCertificationService.php,AtlasAutonomousEvolutionCertificationService,VIVO-EXTERNO,1,0,285,
app/Services/Ai/AutonomousEvolution/AtlasAutonomousEvolutionLoopService.php,AtlasAutonomousEvolutionLoopService,VIVO-EXTERNO,1,2,914,
app/Services/Ai/AutonomousEvolution/Discovery/Cortex/Active/AtlasCortexCallGraphProjector.php,AtlasCortexCallGraphProjector,ORFAO,0,1,177,high
app/Services/Ai/AutonomousEvolution/Discovery/Cortex/Active/Depth/AtlasCortexCounterfactualHypothesisLedger.php,AtlasCortexCounterfactualHypothesisLedger,ORFAO,0,0,188,high
app/Services/Ai/AutonomousEvolution/Discovery/Cortex/Active/Depth/AtlasCortexCounterfactualImpactAggregator.php,AtlasCortexCounterfactualImpactAggregator,ORFAO,0,0,91,high
app/Services/Ai/AutonomousEvolution/Discovery/Cortex/Active/Depth/AtlasCortexCounterfactualMultiStepWalker.php,AtlasCortexCounterfactualMultiStepWalker,ORFAO,0,1,164,high
app/Services/Ai/AutonomousEvolution/Discovery/Cortex/Active/AtlasCortexCounterfactualProbe.php,AtlasCortexCounterfactualProbe,ORFAO,0,0,93,high
app/Services/Ai/AutonomousEvolution/Discovery/Cortex/Active/AtlasCortexCriticalPathDetector.php,AtlasCortexCriticalPathDetector,ORFAO,0,0,127,high
app/Services/Ai/AutonomousEvolution/Discovery/Cortex/AtlasCortexDecisionHistoryReader.php,AtlasCortexDecisionHistoryReader,ORFAO,0,0,131,high
app/Services/Ai/AutonomousEvolution/Discovery/Cortex/Hotpath/AtlasCortexHotpathFrequencyReporter.php,AtlasCortexHotpathFrequencyReporter,ORFAO,0,0,61,high
app/Services/Ai/AutonomousEvolution/Discovery/Cortex/Hotpath/AtlasCortexHotpathThresholdEmitter.php,AtlasCortexHotpathThresholdEmitter,ORFAO,0,0,41,high
app/Services/Ai/AutonomousEvolution/Discovery/Cortex/Active/AtlasCortexHypotheticalChangeWalker.php,AtlasCortexHypotheticalChangeWalker,ORFAO,0,1,197,high
app/Services/Ai/AutonomousEvolution/Discovery/Cortex/AtlasCortexIntentExtractor.php,AtlasCortexIntentExtractor,ORFAO,0,0,244,high
app/Services/Ai/AutonomousEvolution/Discovery/Cortex/AtlasCortexIntentSnapshot.php,AtlasCortexIntentSnapshot,ORFAO,0,0,106,high
app/Services/Ai/AutonomousEvolution/Discovery/Cortex/AtlasCortexIntentStaleness.php,AtlasCortexIntentStaleness,ORFAO,0,0,117,high
app/Services/Ai/AutonomousEvolution/Discovery/Cortex/AtlasCortexIntentTriangulator.php,AtlasCortexIntentTriangulator,ORFAO,0,0,152,high
app/Services/Ai/AutonomousEvolution/Discovery/Cortex/Memory/AtlasCortexMemoryBlindSpotTracker.php,AtlasCortexMemoryBlindSpotTracker,ORFAO,0,0,98,high
app/Services/Ai/AutonomousEvolution/Discovery/Cortex/Memory/AtlasCortexMemoryConvergenceObserver.php,AtlasCortexMemoryConvergenceObserver,ORFAO,0,0,89,high
app/Services/Ai/AutonomousEvolution/Discovery/Cortex/Memory/AtlasCortexMemoryEpisodeRecord.php,AtlasCortexMemoryEpisodeRecord,ORFAO,0,1,60,high
app/Services/Ai/AutonomousEvolution/Discovery/Cortex/Memory/AtlasCortexMemoryEpisodicLedger.php,AtlasCortexMemoryEpisodicLedger,ORFAO,0,3,199,high
app/Services/Ai/AutonomousEvolution/Discovery/Cortex/MemoryIntegration/AtlasCortexMemoryFactGrounder.php,AtlasCortexMemoryFactGrounder,ORFAO,0,0,85,high
app/Services/Ai/AutonomousEvolution/Discovery/Cortex/MemoryIntegration/AtlasCortexMemoryReader.php,AtlasCortexMemoryReader,ORFAO,0,0,81,high
app/Services/Ai/AutonomousEvolution/Discovery/Cortex/MemoryIntegration/AtlasCortexMemoryReceiptLedger.php,AtlasCortexMemoryReceiptLedger,ORFAO,0,0,148,high
app/Services/Ai/AutonomousEvolution/Discovery/Cortex/Memory/AtlasCortexMemoryRetrievalService.php,AtlasCortexMemoryRetrievalService,ORFAO,0,0,165,high
app/Services/Ai/AutonomousEvolution/Discovery/Cortex/MemoryIntegration/AtlasCortexMemoryWriteProposalGate.php,AtlasCortexMemoryWriteProposalGate,ORFAO,0,0,63,high
app/Services/Ai/AutonomousEvolution/Discovery/Cortex/QueryLanguage/AtlasCortexQueryLanguageExecutor.php,AtlasCortexQueryLanguageExecutor,ORFAO,0,0,223,high
app/Services/Ai/AutonomousEvolution/Discovery/Cortex/QueryLanguage/AtlasCortexQueryLanguageGrammar.php,AtlasCortexQueryLanguageGrammar,ORFAO,0,1,96,high
app/Services/Ai/AutonomousEvolution/Discovery/Cortex/QueryLanguage/AtlasCortexQueryLanguageParser.php,AtlasCortexQueryLanguageParser,ORFAO,0,0,149,high
app/Services/Ai/AutonomousEvolution/Discovery/Cortex/Diff/AtlasCortexSnapshotDiffEngine.php,AtlasCortexSnapshotDiffEngine,ORFAO,0,3,284,high
app/Services/Ai/AutonomousEvolution/Discovery/Cortex/Diff/AtlasCortexSnapshotDiffExporter.php,AtlasCortexSnapshotDiffExporter,ORFAO,0,0,210,high
app/Services/Ai/AutonomousEvolution/Discovery/Cortex/Diff/AtlasCortexSnapshotDiffReceiptLedger.php,AtlasCortexSnapshotDiffReceiptLedger,ORFAO,0,0,143,high
app/Services/Ai/AutonomousEvolution/Discovery/Cortex/Diff/AtlasCortexSnapshotDiffSummary.php,AtlasCortexSnapshotDiffSummary,ORFAO,0,1,133,high
app/Services/Ai/AutonomousEvolution/Discovery/Cortex/Similarity/AtlasCortexSymbolSimilarityClusterFact.php,AtlasCortexSymbolSimilarityClusterFact,ORFAO,0,1,63,high
app/Services/Ai/AutonomousEvolution/Discovery/Cortex/Similarity/AtlasCortexSymbolSimilarityClusterReporter.php,AtlasCortexSymbolSimilarityClusterReporter,ORFAO,0,0,217,high
app/Services/Ai/AutonomousEvolution/Discovery/Cortex/Similarity/AtlasCortexSymbolSimilarityFactExtractor.php,AtlasCortexSymbolSimilarityFactExtractor,ORFAO,0,0,450,high
app/Services/Ai/AutonomousEvolution/Discovery/Cortex/Similarity/AtlasCortexSymbolSimilarityPairFact.php,AtlasCortexSymbolSimilarityPairFact,ORFAO,0,2,67,high
app/Services/Ai/AutonomousEvolution/Cortex/AtlasCortexUniversalConfigLoader.php,AtlasCortexUniversalConfigLoader,ORFAO,0,0,196,high
app/Services/Ai/AutonomousEvolution/Cortex/AtlasCortexUniversalContract.php,AtlasCortexUniversalContract,VIVO-EXTERNO,1,0,34,
app/Services/Ai/AutonomousEvolution/Cortex/AtlasCortexUniversalFactsSchema.php,AtlasCortexUniversalFactsSchema,ORFAO,0,0,253,high
app/Services/Ai/AutonomousEvolution/Verify/AtlasDocClaimAnalyzer.php,AtlasDocClaimAnalyzer,VIVO-TRANSITIVO,0,1,285,
app/Services/Ai/AutonomousEvolution/Verify/AtlasDocStructureAnalyzer.php,AtlasDocStructureAnalyzer,VIVO-TRANSITIVO,0,1,82,
app/Services/Ai/AutonomousEvolution/Verify/AtlasEngineeringHonestyGate.php,AtlasEngineeringHonestyGate,VIVO-EXTERNO,1,6,731,
app/Services/Ai/AutonomousEvolution/AtlasEvolutionFrozenJudge.php,AtlasEvolutionFrozenJudge,VIVO-EXTERNO,2,24,929,
app/Services/Ai/AutonomousEvolution/AtlasEvolutionLoopRunner.php,AtlasEvolutionLoopRunner,VIVO-TRANSITIVO,0,5,718,
app/Services/Ai/AutonomousEvolution/AtlasEvolutionScenarioDiffMetricsCalculator.php,AtlasEvolutionScenarioDiffMetricsCalculator,ORFAO,0,0,91,high
app/Services/Ai/AutonomousEvolution/AtlasEvolutionTaskGenerator.php,AtlasEvolutionTaskGenerator,VIVO-EXTERNO,1,5,396,
app/Services/Ai/AutonomousEvolution/AtlasLoopAbstainAndAsk.php,AtlasLoopAbstainAndAsk,VIVO-TRANSITIVO,0,2,93,
app/Services/Ai/AutonomousEvolution/Discovery/AtlasLoopAcceptanceRedProducer.php,AtlasLoopAcceptanceRedProducer,VIVO-TRANSITIVO,0,2,119,
app/Services/Ai/AutonomousEvolution/Discovery/AtlasLoopAdversarialCritic.php,AtlasLoopAdversarialCritic,VIVO-TRANSITIVO,0,1,72,
app/Services/Ai/AutonomousEvolution/AtlasLoopAdversarialVerifierPool.php,AtlasLoopAdversarialVerifierPool,VIVO-EXTERNO,1,1,260,
app/Services/Ai/AutonomousEvolution/Discovery/AtlasLoopAmbitionDecider.php,AtlasLoopAmbitionDecider,VIVO-TRANSITIVO,0,2,107,
app/Services/Ai/AutonomousEvolution/Quaternity/LoopIntentDrift/AtlasLoopAmbitionFacultyRecalibrator.php,AtlasLoopAmbitionFacultyRecalibrator,ORFAO,0,0,92,high
app/Services/Ai/AutonomousEvolution/Quaternity/LoopIntentDrift/AtlasLoopAmbitionFacultyReversalToken.php,AtlasLoopAmbitionFacultyReversalToken,ORFAO,0,1,55,high
app/Services/Ai/AutonomousEvolution/Quaternity/LoopIntentDrift/AtlasLoopAmbitionFacultyStore.php,AtlasLoopAmbitionFacultyStore,VIVO-EXTERNO,1,1,16,
app/Services/Ai/AutonomousEvolution/Quaternity/LoopIntentDrift/AtlasLoopAmbitionFacultyTarget.php,AtlasLoopAmbitionFacultyTarget,VIVO-TRANSITIVO,0,4,92,
app/Services/Ai/AutonomousEvolution/AtlasLoopAmbitionLeapProposer.php,AtlasLoopAmbitionLeapProposer,VIVO-EXTERNO,1,0,125,
app/Services/Ai/AutonomousEvolution/SymbolicAnchoring/PerPhase/AtlasLoopAnchorGatePerPhaseEnforcer.php,AtlasLoopAnchorGatePerPhaseEnforcer,ORFAO,0,0,74,high
app/Services/Ai/AutonomousEvolution/SymbolicAnchoring/PerPhase/AtlasLoopAnchorGatePerPhaseReceiptLedger.php,AtlasLoopAnchorGatePerPhaseReceiptLedger,ORFAO,0,0,109,high
app/Services/Ai/AutonomousEvolution/SymbolicAnchoring/PerPhase/AtlasLoopAnchorGatePerPhaseRegistry.php,AtlasLoopAnchorGatePerPhaseRegistry,ORFAO,0,1,90,high
app/Services/Ai/AutonomousEvolution/Anomaly/AtlasLoopAnomalyBaselineReporter.php,AtlasLoopAnomalyBaselineReporter,ORFAO,0,0,68,high
app/Services/Ai/AutonomousEvolution/Anomaly/AtlasLoopAnomalyDeviationDetector.php,AtlasLoopAnomalyDeviationDetector,ORFAO,0,0,102,high
app/Services/Ai/AutonomousEvolution/Anomaly/AtlasLoopAnomalyDigestEmitter.php,AtlasLoopAnomalyDigestEmitter,ORFAO,0,0,82,high
app/Services/Ai/AutonomousEvolution/Anomaly/AtlasLoopAnomalyReceiptLedger.php,AtlasLoopAnomalyReceiptLedger,ORFAO,0,1,119,high
app/Services/Ai/AutonomousEvolution/AtlasLoopAntiFarmFloor.php,AtlasLoopAntiFarmFloor,VIVO-TRANSITIVO,0,5,80,
app/Services/Ai/AutonomousEvolution/AtlasLoopAntiGoodhartUnifiedRefusal.php,AtlasLoopAntiGoodhartUnifiedRefusal,VIVO-EXTERNO,1,2,223,
app/Services/Ai/AutonomousEvolution/AtlasLoopArchitectPhaseGate.php,AtlasLoopArchitectPhaseGate,VIVO-TRANSITIVO,0,5,160,
app/Services/Ai/AutonomousEvolution/AtlasLoopArchitectureDraftService.php,AtlasLoopArchitectureDraftService,ORFAO,0,0,100,high
app/Services/Ai/AutonomousEvolution/AtlasLoopArmedCoverageReporter.php,AtlasLoopArmedCoverageReporter,ORFAO,0,0,93,review-aael
app/Services/Ai/AutonomousEvolution/AtlasLoopAtomParaphraseAudit.php,AtlasLoopAtomParaphraseAudit,VIVO-TRANSITIVO,0,2,82,
app/Services/Ai/AutonomousEvolution/AtlasLoopAttemptLedger.php,AtlasLoopAttemptLedger,VIVO-TRANSITIVO,0,8,109,
app/Services/Ai/AutonomousEvolution/AuditTrail/AtlasLoopAuditTrailComposer.php,AtlasLoopAuditTrailComposer,VIVO-EXTERNO,1,1,95,
app/Services/Ai/AutonomousEvolution/AuditTrail/AtlasLoopAuditTrailExporter.php,AtlasLoopAuditTrailExporter,VIVO-EXTERNO,1,0,151,
app/Services/Ai/AutonomousEvolution/AuditTrail/AtlasLoopAuditTrailIntegrityVerifier.php,AtlasLoopAuditTrailIntegrityVerifier,VIVO-EXTERNO,1,0,223,
app/Services/Ai/AutonomousEvolution/AuditTrail/AtlasLoopAuditTrailReplayer.php,AtlasLoopAuditTrailReplayer,VIVO-EXTERNO,1,0,232,
app/Services/Ai/AutonomousEvolution/AtlasLoopAutoArchitectureProposalService.php,AtlasLoopAutoArchitectureProposalService,VIVO-EXTERNO,1,2,697,
app/Services/Ai/AutonomousEvolution/AtlasLoopAutoMergeService.php,AtlasLoopAutoMergeService,VIVO-EXTERNO,4,10,1675,
app/Services/Ai/AutonomousEvolution/AtlasLoopAutonomousConductor.php,AtlasLoopAutonomousConductor,VIVO-TRANSITIVO,0,2,145,
app/Services/Ai/AutonomousEvolution/Discovery/AtlasLoopBackService.php,AtlasLoopBackService,VIVO-EXTERNO,1,3,222,
app/Services/Ai/AutonomousEvolution/AtlasLoopBacklogAutoFeederService.php,AtlasLoopBacklogAutoFeederService,VIVO-TRANSITIVO,0,1,81,
app/Services/Ai/AutonomousEvolution/AtlasLoopBacklogAutoFeederServiceSupport.php,AtlasLoopBacklogAutoFeederServiceSupport,VIVO-TRANSITIVO,0,1,404,
app/Services/Ai/AutonomousEvolution/Discovery/AtlasLoopBacklogIntentSource.php,AtlasLoopBacklogIntentSource,VIVO-EXTERNO,1,2,174,
app/Services/Ai/AutonomousEvolution/AtlasLoopBacklogManifestService.php,AtlasLoopBacklogManifestService,VIVO-EXTERNO,1,2,134,
app/Services/Ai/AutonomousEvolution/Recovery/AtlasLoopBackupComposer.php,AtlasLoopBackupComposer,ORFAO,0,1,170,high
app/Services/Ai/AutonomousEvolution/BehaviorDelta/AtlasLoopBehaviorDeltaSnapshotter.php,AtlasLoopBehaviorDeltaSnapshotter,VIVO-TRANSITIVO,0,1,92,
app/Services/Ai/AutonomousEvolution/AtlasLoopBehavioralEquivalenceGate.php,AtlasLoopBehavioralEquivalenceGate,VIVO-TRANSITIVO,0,2,46,
app/Services/Ai/AutonomousEvolution/Discovery/AtlasLoopBlastRadiusAnalyzer.php,AtlasLoopBlastRadiusAnalyzer,VIVO-TRANSITIVO,0,2,96,
app/Services/Ai/AutonomousEvolution/Discovery/AtlasLoopBlastRadiusReader.php,AtlasLoopBlastRadiusReader,VIVO-TRANSITIVO,0,1,61,
app/Services/Ai/AutonomousEvolution/Discovery/AtlasLoopBlastRadiusReaderSupport.php,AtlasLoopBlastRadiusReaderSupport,VIVO-TRANSITIVO,0,1,151,
app/Services/Ai/AutonomousEvolution/AtlasLoopBroaderRegressionGate.php,AtlasLoopBroaderRegressionGate,VIVO-EXTERNO,2,1,417,
app/Services/Ai/AutonomousEvolution/AtlasLoopBudgetScheduler.php,AtlasLoopBudgetScheduler,ORFAO,0,0,128,high
app/Services/Ai/AutonomousEvolution/Discovery/AtlasLoopBugReproductionLane.php,AtlasLoopBugReproductionLane,VIVO-EXTERNO,1,1,152,
app/Services/Ai/AutonomousEvolution/AtlasLoopCalibratedConfidenceGate.php,AtlasLoopCalibratedConfidenceGate,VIVO-TRANSITIVO,0,1,178,
app/Services/Ai/AutonomousEvolution/Campaign/AtlasLoopCampaignCostGovernor.php,AtlasLoopCampaignCostGovernor,VIVO-TRANSITIVO,0,2,136,
app/Services/Ai/AutonomousEvolution/Campaign/AtlasLoopCampaignCostMath.php,AtlasLoopCampaignCostMath,VIVO-TRANSITIVO,0,1,53,
app/Services/Ai/AutonomousEvolution/Campaign/AtlasLoopCampaignFileStore.php,AtlasLoopCampaignFileStore,VIVO-TRANSITIVO,0,1,141,
app/Services/Ai/AutonomousEvolution/Campaign/AtlasLoopCampaignProviderHealthRecorder.php,AtlasLoopCampaignProviderHealthRecorder,VIVO-TRANSITIVO,0,1,123,
app/Services/Ai/AutonomousEvolution/Campaign/AtlasLoopCampaignSupervisor.php,AtlasLoopCampaignSupervisor,VIVO-EXTERNO,1,9,1883,
app/Services/Ai/AutonomousEvolution/Attribution/AtlasLoopCapabilityDeltaAttributionService.php,AtlasLoopCapabilityDeltaAttributionService,ORFAO,0,0,147,high
app/Services/Ai/AutonomousEvolution/AtlasLoopCapabilityTrendService.php,AtlasLoopCapabilityTrendService,ORFAO,0,1,151,high
app/Services/Ai/AutonomousEvolution/LiveCycle/AtlasLoopCertifyPhaseRunner.php,AtlasLoopCertifyPhaseRunner,ORFAO,0,0,144,high
app/Services/Ai/AutonomousEvolution/AtlasLoopChangedSymbolCoverageCensus.php,AtlasLoopChangedSymbolCoverageCensus,VIVO-TRANSITIVO,0,3,242,
app/Services/Ai/AutonomousEvolution/AtlasLoopCharacterizationTestVerifier.php,AtlasLoopCharacterizationTestVerifier,VIVO-TRANSITIVO,0,2,123,
app/Services/Ai/AutonomousEvolution/AtlasLoopClarificationRouter.php,AtlasLoopClarificationRouter,VIVO-EXTERNO,1,0,44,
app/Services/Ai/AutonomousEvolution/Discovery/AtlasLoopCloneDetector.php,AtlasLoopCloneDetector,VIVO-EXTERNO,1,2,218,
app/Services/Ai/AutonomousEvolution/Discovery/AtlasLoopCloneOrderedNormalizer.php,AtlasLoopCloneOrderedNormalizer,VIVO-TRANSITIVO,0,1,67,
app/Services/Ai/AutonomousEvolution/LiveCycle/AtlasLoopClosePhaseRunner.php,AtlasLoopClosePhaseRunner,ORFAO,0,1,163,high
app/Services/Ai/AutonomousEvolution/SelfModel/Oracle/AtlasLoopCodeDomainOutcomeOracle.php,AtlasLoopCodeDomainOutcomeOracle,ORFAO,0,0,48,high
app/Services/Ai/AutonomousEvolution/Discovery/AtlasLoopCompletenessCriteriaResolver.php,AtlasLoopCompletenessCriteriaResolver,VIVO-EXTERNO,1,2,259,
app/Services/Ai/AutonomousEvolution/AtlasLoopCompletenessGate.php,AtlasLoopCompletenessGate,VIVO-TRANSITIVO,0,3,74,
app/Services/Ai/AutonomousEvolution/Discovery/AtlasLoopComplexTargetDecomposer.php,AtlasLoopComplexTargetDecomposer,VIVO-TRANSITIVO,0,2,101,
app/Services/Ai/AutonomousEvolution/Discovery/AtlasLoopComprehensionCadenceService.php,AtlasLoopComprehensionCadenceService,VIVO-EXTERNO,1,0,147,
app/Services/Ai/AutonomousEvolution/Discovery/AtlasLoopComprehensionDeltaTracker.php,AtlasLoopComprehensionDeltaTracker,ORFAO,0,0,152,high
app/Services/Ai/AutonomousEvolution/Discovery/AtlasLoopComprehensionDocReader.php,AtlasLoopComprehensionDocReader,ORFAO,0,0,63,high
app/Services/Ai/AutonomousEvolution/Discovery/AtlasLoopComprehensionGraphSerializer.php,AtlasLoopComprehensionGraphSerializer,ORFAO,0,0,71,high
app/Services/Ai/AutonomousEvolution/Verify/AtlasLoopComprehensionGroundingGate.php,AtlasLoopComprehensionGroundingGate,VIVO-EXTERNO,2,4,617,
app/Services/Ai/AutonomousEvolution/Discovery/AtlasLoopComprehensionOriginationCandidates.php,AtlasLoopComprehensionOriginationCandidates,VIVO-TRANSITIVO,0,3,116,
app/Services/Ai/AutonomousEvolution/AtlasLoopComprehensionOriginator.php,AtlasLoopComprehensionOriginator,VIVO-EXTERNO,1,3,247,
app/Services/Ai/AutonomousEvolution/Discovery/AtlasLoopComprehensionStalenessDetector.php,AtlasLoopComprehensionStalenessDetector,ORFAO,0,0,103,high
app/Services/Ai/AutonomousEvolution/AtlasLoopConfidenceCalibrator.php,AtlasLoopConfidenceCalibrator,VIVO-EXTERNO,1,2,123,
app/Services/Ai/AutonomousEvolution/Constitution/AtlasLoopConstitutionGateService.php,AtlasLoopConstitutionGateService,VIVO-EXTERNO,1,0,93,
app/Services/Ai/AutonomousEvolution/Constitution/AtlasLoopConstitutionGateToken.php,AtlasLoopConstitutionGateToken,VIVO-TRANSITIVO,0,2,62,
app/Services/Ai/AutonomousEvolution/Constitution/AtlasLoopConstitutionResolveFlags.php,AtlasLoopConstitutionResolveFlags,VIVO-TRANSITIVO,0,1,92,
app/Services/Ai/AutonomousEvolution/Discovery/AtlasLoopConstraintsBlockAssembler.php,AtlasLoopConstraintsBlockAssembler,VIVO-EXTERNO,1,1,112,
app/Services/Ai/AutonomousEvolution/AtlasLoopContractGapScanner.php,AtlasLoopContractGapScanner,VIVO-EXTERNO,1,1,147,
app/Services/Ai/AutonomousEvolution/SelfModel/Corpus/AtlasLoopCorpusProvenanceLedger.php,AtlasLoopCorpusProvenanceLedger,ORFAO,0,0,60,high
app/Services/Ai/AutonomousEvolution/AtlasLoopCortexRoleTokenSemanticDisambiguator.php,AtlasLoopCortexRoleTokenSemanticDisambiguator,VIVO-EXTERNO,1,0,114,
app/Services/Ai/AutonomousEvolution/Twin/AtlasLoopCounterfactualEditEvaluator.php,AtlasLoopCounterfactualEditEvaluator,ORFAO,0,0,101,high
app/Services/Ai/AutonomousEvolution/Discovery/AtlasLoopCoverageDeficitSource.php,AtlasLoopCoverageDeficitSource,VIVO-EXTERNO,1,5,141,
app/Services/Ai/AutonomousEvolution/Discovery/AtlasLoopCoverageGapDetector.php,AtlasLoopCoverageGapDetector,ORFAO,0,0,37,high
app/Services/Ai/AutonomousEvolution/Discovery/AtlasLoopCoverageGapDetectorSupport.php,AtlasLoopCoverageGapDetectorSupport,ORFAO,0,1,198,high
app/Services/Ai/AutonomousEvolution/Discovery/AtlasLoopCoverageGapFeeder.php,AtlasLoopCoverageGapFeeder,VIVO-TRANSITIVO,0,1,290,
app/Services/Ai/AutonomousEvolution/AtlasLoopCriterionStabilitySelector.php,AtlasLoopCriterionStabilitySelector,ORFAO,0,0,54,high
app/Services/Ai/AutonomousEvolution/SelfModel/Oracle/AtlasLoopCrossDomainOracleRegistry.php,AtlasLoopCrossDomainOracleRegistry,ORFAO,0,0,38,high
app/Services/Ai/AutonomousEvolution/SelfModel/Training/AtlasLoopCrossDomainTrainingSampler.php,AtlasLoopCrossDomainTrainingSampler,ORFAO,0,0,44,high
app/Services/Ai/AutonomousEvolution/AtlasLoopCrossFileConsumerGateService.php,AtlasLoopCrossFileConsumerGateService,VIVO-EXTERNO,2,4,596,
app/Services/Ai/AutonomousEvolution/AtlasLoopCrossLeverageRegistry.php,AtlasLoopCrossLeverageRegistry,ORFAO,0,2,96,high
app/Services/Ai/AutonomousEvolution/AtlasLoopCrossModelTriangulator.php,AtlasLoopCrossModelTriangulator,VIVO-EXTERNO,1,0,262,
app/Services/Ai/AutonomousEvolution/AtlasLoopCrossTypeLeverageSelector.php,AtlasLoopCrossTypeLeverageSelector,VIVO-TRANSITIVO,0,2,49,
app/Services/Ai/AutonomousEvolution/Branching/AtlasLoopCycleBranchManifest.php,AtlasLoopCycleBranchManifest,ORFAO,0,2,30,high
app/Services/Ai/AutonomousEvolution/Branching/AtlasLoopCycleBranchMergeOrDiscard.php,AtlasLoopCycleBranchMergeOrDiscard,ORFAO,0,0,143,high
app/Services/Ai/AutonomousEvolution/Branching/AtlasLoopCycleBranchOutcome.php,AtlasLoopCycleBranchOutcome,ORFAO,0,1,16,high
app/Services/Ai/AutonomousEvolution/Branching/AtlasLoopCycleBranchSpawner.php,AtlasLoopCycleBranchSpawner,ORFAO,0,0,82,high
app/Services/Ai/AutonomousEvolution/ReentrySafety/AtlasLoopCycleCheckpointReader.php,AtlasLoopCycleCheckpointReader,ORFAO,0,0,309,high
app/Services/Ai/AutonomousEvolution/ReentrySafety/AtlasLoopCycleCheckpointWriter.php,AtlasLoopCycleCheckpointWriter,ORFAO,0,0,315,high
app/Services/Ai/AutonomousEvolution/AtlasLoopCycleGitContract.php,AtlasLoopCycleGitContract,VIVO-TRANSITIVO,0,1,371,
app/Services/Ai/AutonomousEvolution/ReentrySafety/AtlasLoopCycleIdempotencyGuard.php,AtlasLoopCycleIdempotencyGuard,ORFAO,0,0,119,high
app/Services/Ai/AutonomousEvolution/PauseResume/AtlasLoopCyclePauseFlag.php,AtlasLoopCyclePauseFlag,ORFAO,0,1,105,high
app/Services/Ai/AutonomousEvolution/Receipts/AtlasLoopCycleReceiptComposer.php,AtlasLoopCycleReceiptComposer,ORFAO,0,0,142,high
app/Services/Ai/AutonomousEvolution/Receipts/AtlasLoopCycleReceiptSigner.php,AtlasLoopCycleReceiptSigner,VIVO-EXTERNO,1,0,104,
app/Services/Ai/AutonomousEvolution/ReentrySafety/AtlasLoopCycleReentryReceiptLedger.php,AtlasLoopCycleReentryReceiptLedger,ORFAO,0,0,145,high
app/Services/Ai/AutonomousEvolution/PauseResume/AtlasLoopCycleResumeFromCheckpoint.php,AtlasLoopCycleResumeFromCheckpoint,ORFAO,0,0,104,high
app/Services/Ai/AutonomousEvolution/Observability/AtlasLoopCycleSignalEmitter.php,AtlasLoopCycleSignalEmitter,ORFAO,0,0,172,high
app/Services/Ai/AutonomousEvolution/AtlasLoopDbResilience.php,AtlasLoopDbResilience,VIVO-TRANSITIVO,0,2,231,
app/Services/Ai/AutonomousEvolution/AtlasLoopDeadCodeProducer.php,AtlasLoopDeadCodeProducer,VIVO-TRANSITIVO,0,3,148,
app/Services/Ai/AutonomousEvolution/Discovery/AtlasLoopDecompositionArchetypeOracle.php,AtlasLoopDecompositionArchetypeOracle,VIVO-TRANSITIVO,0,1,222,
app/Services/Ai/AutonomousEvolution/AtlasLoopDecompositionOutcomeRecorder.php,AtlasLoopDecompositionOutcomeRecorder,VIVO-EXTERNO,1,9,168,
app/Services/Ai/AutonomousEvolution/AtlasLoopDecompositionService.php,AtlasLoopDecompositionService,ORFAO,0,1,104,high
app/Services/Ai/AutonomousEvolution/Discovery/AtlasLoopDecompositionShapeFingerprinter.php,AtlasLoopDecompositionShapeFingerprinter,VIVO-TRANSITIVO,0,7,173,
app/Services/Ai/AutonomousEvolution/AtlasLoopDecompositionShapePrior.php,AtlasLoopDecompositionShapePrior,VIVO-EXTERNO,1,5,69,
app/Services/Ai/AutonomousEvolution/Discovery/AtlasLoopDedupProof.php,AtlasLoopDedupProof,VIVO-TRANSITIVO,0,2,128,
app/Services/Ai/AutonomousEvolution/Discovery/AtlasLoopDedupSupplyLane.php,AtlasLoopDedupSupplyLane,VIVO-TRANSITIVO,0,2,155,
app/Services/Ai/AutonomousEvolution/Defect/AtlasLoopDefectFalsificationGate.php,AtlasLoopDefectFalsificationGate,ORFAO,0,0,45,high
app/Services/Ai/AutonomousEvolution/AtlasLoopDeliveryConfidenceModel.php,AtlasLoopDeliveryConfidenceModel,VIVO-TRANSITIVO,0,3,114,
app/Services/Ai/AutonomousEvolution/AtlasLoopDeliveryContractRecorder.php,AtlasLoopDeliveryContractRecorder,VIVO-TRANSITIVO,0,1,225,
app/Services/Ai/AutonomousEvolution/AtlasLoopDeliveryDimensionResolver.php,AtlasLoopDeliveryDimensionResolver,VIVO-TRANSITIVO,0,4,51,
app/Services/Ai/AutonomousEvolution/AtlasLoopDeliveryDossierService.php,AtlasLoopDeliveryDossierService,ORFAO,0,0,191,high
app/Services/Ai/AutonomousEvolution/Persistence/AtlasLoopDeliveryPipeline.php,AtlasLoopDeliveryPipeline,VIVO-TRANSITIVO,0,5,181,
app/Services/Ai/AutonomousEvolution/AtlasLoopDeliveryQualityScore.php,AtlasLoopDeliveryQualityScore,VIVO-TRANSITIVO,0,1,228,
app/Services/Ai/AutonomousEvolution/AtlasLoopDeliveryRecallService.php,AtlasLoopDeliveryRecallService,ORFAO,0,0,74,high
app/Services/Ai/AutonomousEvolution/AtlasLoopDeterministicDeadCodeWorkType.php,AtlasLoopDeterministicDeadCodeWorkType,VIVO-TRANSITIVO,0,3,138,
app/Services/Ai/AutonomousEvolution/AtlasLoopDeterministicWorkType.php,AtlasLoopDeterministicWorkType,VIVO-TRANSITIVO,0,3,23,
app/Services/Ai/AutonomousEvolution/Discovery/AtlasLoopDocGapSupplyLane.php,AtlasLoopDocGapSupplyLane,VIVO-TRANSITIVO,0,2,76,
app/Services/Ai/AutonomousEvolution/AtlasLoopDriftRestartDebounce.php,AtlasLoopDriftRestartDebounce,ORFAO,0,0,52,high
app/Services/Ai/AutonomousEvolution/Metrics/AtlasLoopE2ECycleLiveness.php,AtlasLoopE2ECycleLiveness,ORFAO,0,0,137,high
app/Services/Ai/AutonomousEvolution/AtlasLoopEarnedAutonomyDecisionTrace.php,AtlasLoopEarnedAutonomyDecisionTrace,VIVO-EXTERNO,1,0,102,
app/Services/Ai/AutonomousEvolution/AtlasLoopEscalationLadder.php,AtlasLoopEscalationLadder,VIVO-TRANSITIVO,0,1,70,
app/Services/Ai/AutonomousEvolution/Discovery/AtlasLoopEvidenceSignalService.php,AtlasLoopEvidenceSignalService,VIVO-EXTERNO,1,2,134,
app/Services/Ai/AutonomousEvolution/Pattern/AtlasLoopExecutionContract.php,AtlasLoopExecutionContract,VIVO-TRANSITIVO,0,1,163,
app/Services/Ai/AutonomousEvolution/Discovery/AtlasLoopExpectedValueDecider.php,AtlasLoopExpectedValueDecider,VIVO-TRANSITIVO,0,4,131,
app/Services/Ai/AutonomousEvolution/AtlasLoopExplorerStrategyBanditService.php,AtlasLoopExplorerStrategyBanditService,VIVO-TRANSITIVO,0,1,562,
app/Services/Ai/AutonomousEvolution/ExternalDeps/AtlasLoopExternalDepDriftDetector.php,AtlasLoopExternalDepDriftDetector,ORFAO,0,0,234,high
app/Services/Ai/AutonomousEvolution/ExternalDeps/AtlasLoopExternalDepInventoryReporter.php,AtlasLoopExternalDepInventoryReporter,ORFAO,0,0,143,high
app/Services/Ai/AutonomousEvolution/Discovery/AtlasLoopExternalResearchService.php,AtlasLoopExternalResearchService,VIVO-TRANSITIVO,0,3,133,
app/Services/Ai/AutonomousEvolution/SymbolicAnchoring/AtlasLoopFactAnchorCoverageReporter.php,AtlasLoopFactAnchorCoverageReporter,ORFAO,0,0,92,high
app/Services/Ai/AutonomousEvolution/FactConfidence/AtlasLoopFactBoundsMissingException.php,AtlasLoopFactBoundsMissingException,VIVO-TRANSITIVO,0,3,23,
app/Services/Ai/AutonomousEvolution/FactConfidence/AtlasLoopFactConfidenceBoundsEnvelope.php,AtlasLoopFactConfidenceBoundsEnvelope,VIVO-TRANSITIVO,0,3,33,
app/Services/Ai/AutonomousEvolution/FactConfidence/AtlasLoopFactConfidenceBoundsReceiptLedger.php,AtlasLoopFactConfidenceBoundsReceiptLedger,VIVO-EXTERNO,1,1,60,
app/Services/Ai/AutonomousEvolution/FactConfidence/AtlasLoopFactConfidenceBoundsSchema.php,AtlasLoopFactConfidenceBoundsSchema,ORFAO,0,0,61,high
app/Services/Ai/AutonomousEvolution/FactConfidence/AtlasLoopFactConfidenceBoundsValidator.php,AtlasLoopFactConfidenceBoundsValidator,VIVO-EXTERNO,1,0,99,
app/Services/Ai/AutonomousEvolution/FactConfidence/AtlasLoopFactConfidenceBoundsValidatorInterface.php,AtlasLoopFactConfidenceBoundsValidatorInterface,VIVO-EXTERNO,1,2,21,
app/Services/Ai/AutonomousEvolution/FactConfidence/AtlasLoopFactConfidenceBoundsValidatorLedgerDecorator.php,AtlasLoopFactConfidenceBoundsValidatorLedgerDecorator,VIVO-EXTERNO,1,0,101,
app/Services/Ai/AutonomousEvolution/Discovery/AtlasLoopFailureHandleSignalStamper.php,AtlasLoopFailureHandleSignalStamper,VIVO-TRANSITIVO,0,1,131,
app/Services/Ai/AutonomousEvolution/Discovery/AtlasLoopFailureHandleSource.php,AtlasLoopFailureHandleSource,VIVO-TRANSITIVO,0,1,155,
app/Services/Ai/AutonomousEvolution/Discovery/AtlasLoopFailureHypothesisProducer.php,AtlasLoopFailureHypothesisProducer,VIVO-TRANSITIVO,0,1,51,
app/Services/Ai/AutonomousEvolution/AtlasLoopFeatureCompletenessResolver.php,AtlasLoopFeatureCompletenessResolver,VIVO-TRANSITIVO,0,1,218,
app/Services/Ai/AutonomousEvolution/Discovery/AtlasLoopFeatureObjectiveBuilder.php,AtlasLoopFeatureObjectiveBuilder,ORFAO,0,0,123,high
app/Services/Ai/AutonomousEvolution/AtlasLoopFeatureSequencePlanner.php,AtlasLoopFeatureSequencePlanner,VIVO-TRANSITIVO,0,2,85,
app/Services/Ai/AutonomousEvolution/AtlasLoopFeatureSequenceWalker.php,AtlasLoopFeatureSequenceWalker,VIVO-TRANSITIVO,0,2,58,
app/Services/Ai/AutonomousEvolution/Feedback/AtlasLoopFeedbackReceiptLedger.php,AtlasLoopFeedbackReceiptLedger,ORFAO,0,0,106,high
app/Services/Ai/AutonomousEvolution/Quaternity/LoopIntentDrift/AtlasLoopFileAmbitionFacultyStore.php,AtlasLoopFileAmbitionFacultyStore,VIVO-EXTERNO,1,0,49,
app/Services/Ai/AutonomousEvolution/SelfModel/Oracle/Domains/AtlasLoopFinanceOutcomeOracle.php,AtlasLoopFinanceOutcomeOracle,ORFAO,0,0,40,high
app/Services/Ai/AutonomousEvolution/AtlasLoopFleetGovernor.php,AtlasLoopFleetGovernor,VIVO-TRANSITIVO,0,1,58,
app/Services/Ai/AutonomousEvolution/SelfMod/FormalProofs/AtlasLoopFormalInvariantExpressionParser.php,AtlasLoopFormalInvariantExpressionParser,ORFAO,0,0,480,high
app/Services/Ai/AutonomousEvolution/SelfMod/FormalProofs/AtlasLoopFormalInvariantSurvivalProver.php,AtlasLoopFormalInvariantSurvivalProver,ORFAO,0,0,290,high
app/Services/Ai/AutonomousEvolution/Framework/AtlasLoopFrameworkMaterializer.php,AtlasLoopFrameworkMaterializer,VIVO-TRANSITIVO,0,2,442,
app/Services/Ai/AutonomousEvolution/Discovery/AtlasLoopFrameworkRefactorSynthesizer.php,AtlasLoopFrameworkRefactorSynthesizer,VIVO-EXTERNO,1,4,427,
app/Services/Ai/AutonomousEvolution/Discovery/AtlasLoopFrameworkRefactorSynthesizerSupport.php,AtlasLoopFrameworkRefactorSynthesizerSupport,VIVO-TRANSITIVO,0,1,124,
app/Services/Ai/AutonomousEvolution/AtlasLoopFrontierGapModel.php,AtlasLoopFrontierGapModel,VIVO-EXTERNO,1,0,235,
app/Services/Ai/AutonomousEvolution/Constitution/AtlasLoopFrozenBattery.php,AtlasLoopFrozenBattery,ORFAO,0,0,190,high
app/Services/Ai/AutonomousEvolution/Frozen/AtlasLoopFrozenContractAuditor.php,AtlasLoopFrozenContractAuditor,ORFAO,0,0,130,high
app/Services/Ai/AutonomousEvolution/Frozen/AtlasLoopFrozenContractDriftDetector.php,AtlasLoopFrozenContractDriftDetector,ORFAO,0,0,98,high
app/Services/Ai/AutonomousEvolution/Frozen/AtlasLoopFrozenContractReceiptLedger.php,AtlasLoopFrozenContractReceiptLedger,VIVO-EXTERNO,1,0,112,
app/Services/Ai/AutonomousEvolution/Frozen/AtlasLoopFrozenContractRegistry.php,AtlasLoopFrozenContractRegistry,ORFAO,0,2,149,high
app/Services/Ai/AutonomousEvolution/Constitution/Frozen/AtlasLoopFrozenMutationOperators.php,AtlasLoopFrozenMutationOperators,VIVO-TRANSITIVO,0,3,212,
app/Services/Ai/AutonomousEvolution/AtlasLoopFrozenTestSourceRenderer.php,AtlasLoopFrozenTestSourceRenderer,VIVO-TRANSITIVO,0,1,295,
app/Services/Ai/AutonomousEvolution/LiveCycle/AtlasLoopFullCycleConductor.php,AtlasLoopFullCycleConductor,ORFAO,0,1,158,high
app/Services/Ai/AutonomousEvolution/AtlasLoopFunnelService.php,AtlasLoopFunnelService,VIVO-TRANSITIVO,0,5,190,
app/Services/Ai/AutonomousEvolution/AtlasLoopGateWorkspaceProvisioner.php,AtlasLoopGateWorkspaceProvisioner,VIVO-TRANSITIVO,0,1,134,
app/Services/Ai/AutonomousEvolution/Campaign/AtlasLoopGitHeadInspector.php,AtlasLoopGitHeadInspector,VIVO-TRANSITIVO,0,1,89,
app/Services/Ai/AutonomousEvolution/Feedback/AtlasLoopGiveBackPatternMiner.php,AtlasLoopGiveBackPatternMiner,VIVO-TRANSITIVO,0,1,178,
app/Services/Ai/AutonomousEvolution/Feedback/AtlasLoopGiveBackReader.php,AtlasLoopGiveBackReader,VIVO-TRANSITIVO,0,1,247,
app/Services/Ai/AutonomousEvolution/Feedback/AtlasLoopGiveBackToReplenisherFeedback.php,AtlasLoopGiveBackToReplenisherFeedback,VIVO-EXTERNO,2,1,58,
app/Services/Ai/AutonomousEvolution/AtlasLoopGoodhartReceiptLedger.php,AtlasLoopGoodhartReceiptLedger,ORFAO,0,0,130,high
app/Services/Ai/AutonomousEvolution/Grinder/AtlasLoopGrinderCertificationCommandExtractor.php,AtlasLoopGrinderCertificationCommandExtractor,VIVO-TRANSITIVO,0,1,112,
app/Services/Ai/AutonomousEvolution/Grinder/AtlasLoopGrinderComprehensionCitationDeriver.php,AtlasLoopGrinderComprehensionCitationDeriver,VIVO-TRANSITIVO,0,1,67,
app/Services/Ai/AutonomousEvolution/Grinder/AtlasLoopGrinderTierReasonResolver.php,AtlasLoopGrinderTierReasonResolver,VIVO-TRANSITIVO,0,1,92,
app/Services/Ai/AutonomousEvolution/AtlasLoopHardCaseAutoDiscovery.php,AtlasLoopHardCaseAutoDiscovery,ORFAO,0,0,159,high
app/Services/Ai/AutonomousEvolution/AtlasLoopHardCaseHarness.php,AtlasLoopHardCaseHarness,VIVO-EXTERNO,1,0,216,
app/Services/Ai/AutonomousEvolution/AtlasLoopHarnessGuard.php,AtlasLoopHarnessGuard,VIVO-EXTERNO,13,31,416,
app/Services/Ai/AutonomousEvolution/Discovery/AtlasLoopHeavyWorkPanelService.php,AtlasLoopHeavyWorkPanelService,VIVO-TRANSITIVO,0,1,184,
app/Services/Ai/AutonomousEvolution/Discovery/AtlasLoopHeavyWorkSelector.php,AtlasLoopHeavyWorkSelector,VIVO-EXTERNO,1,0,159,
app/Services/Ai/AutonomousEvolution/AtlasLoopHeldOutDeltaCertifier.php,AtlasLoopHeldOutDeltaCertifier,VIVO-TRANSITIVO,0,3,157,
app/Services/Ai/AutonomousEvolution/SelfModel/Eval/AtlasLoopHeldOutEvalHarness.php,AtlasLoopHeldOutEvalHarness,ORFAO,0,0,72,high
app/Services/Ai/AutonomousEvolution/AtlasLoopHermeticCommandEnvironment.php,AtlasLoopHermeticCommandEnvironment,VIVO-TRANSITIVO,0,13,174,
app/Services/Ai/AutonomousEvolution/Resilience/AtlasLoopHungGrindDetector.php,AtlasLoopHungGrindDetector,ORFAO,0,0,146,high
app/Services/Ai/AutonomousEvolution/Discovery/AtlasLoopHypothesisContractGate.php,AtlasLoopHypothesisContractGate,ORFAO,0,1,116,high
app/Services/Ai/AutonomousEvolution/AtlasLoopIdeaDraftingRubric.php,AtlasLoopIdeaDraftingRubric,VIVO-TRANSITIVO,0,1,46,
app/Services/Ai/AutonomousEvolution/AtlasLoopImpactReceiptService.php,AtlasLoopImpactReceiptService,VIVO-TRANSITIVO,0,5,330,
app/Services/Ai/AutonomousEvolution/LiveCycle/AtlasLoopImplementPhaseRunner.php,AtlasLoopImplementPhaseRunner,ORFAO,0,0,122,high
app/Services/Ai/AutonomousEvolution/Discovery/AtlasLoopInsightBackpropService.php,AtlasLoopInsightBackpropService,VIVO-EXTERNO,1,1,125,
app/Services/Ai/AutonomousEvolution/AtlasLoopIntelligenceOverlay.php,AtlasLoopIntelligenceOverlay,VIVO-TRANSITIVO,0,1,417,
app/Services/Ai/AutonomousEvolution/Quaternity/IntentResolver/AtlasLoopIntentAmbiguityClarifierProposer.php,AtlasLoopIntentAmbiguityClarifierProposer,VIVO-EXTERNO,1,0,93,
app/Services/Ai/AutonomousEvolution/Quaternity/IntentResolver/AtlasLoopIntentAmbiguityFollowUpScheduler.php,AtlasLoopIntentAmbiguityFollowUpScheduler,VIVO-EXTERNO,1,0,87,
app/Services/Ai/AutonomousEvolution/Quaternity/IntentResolver/AtlasLoopIntentAmbiguityResolutionLedger.php,AtlasLoopIntentAmbiguityResolutionLedger,VIVO-EXTERNO,1,0,162,
app/Services/Ai/AutonomousEvolution/Quaternity/LoopIntentDrift/AtlasLoopIntentDriftReceipt.php,AtlasLoopIntentDriftReceipt,ORFAO,0,1,35,high
app/Services/Ai/AutonomousEvolution/Quaternity/LoopIntentDrift/AtlasLoopIntentDriftReceiptLedger.php,AtlasLoopIntentDriftReceiptLedger,ORFAO,0,0,198,high
app/Services/Ai/AutonomousEvolution/Discovery/AtlasLoopIntentIntakeService.php,AtlasLoopIntentIntakeService,ORFAO,0,0,116,high
app/Services/Ai/AutonomousEvolution/Discovery/AtlasLoopIntentSpecCompiler.php,AtlasLoopIntentSpecCompiler,VIVO-TRANSITIVO,0,1,114,
app/Services/Ai/AutonomousEvolution/Quaternity/LoopIntentDrift/AtlasLoopIntentStreamOperatorIntentSource.php,AtlasLoopIntentStreamOperatorIntentSource,VIVO-EXTERNO,1,0,34,
app/Services/Ai/AutonomousEvolution/AtlasLoopIntentVerifierFactory.php,AtlasLoopIntentVerifierFactory,VIVO-TRANSITIVO,0,10,841,
app/Services/Ai/AutonomousEvolution/WireFormat/AtlasLoopInterPrimitiveMessageNegotiationOutcome.php,AtlasLoopInterPrimitiveMessageNegotiationOutcome,ORFAO,0,1,45,high
app/Services/Ai/AutonomousEvolution/WireFormat/AtlasLoopInterPrimitiveMessageReceiptLedger.php,AtlasLoopInterPrimitiveMessageReceiptLedger,ORFAO,0,0,104,high
app/Services/Ai/AutonomousEvolution/WireFormat/AtlasLoopInterPrimitiveMessageValidationResult.php,AtlasLoopInterPrimitiveMessageValidationResult,ORFAO,0,1,42,high
app/Services/Ai/AutonomousEvolution/WireFormat/AtlasLoopInterPrimitiveMessageValidator.php,AtlasLoopInterPrimitiveMessageValidator,ORFAO,0,1,95,high
app/Services/Ai/AutonomousEvolution/WireFormat/AtlasLoopInterPrimitiveMessageVersionNegotiator.php,AtlasLoopInterPrimitiveMessageVersionNegotiator,ORFAO,0,1,83,high
app/Services/Ai/AutonomousEvolution/AtlasLoopIterateToMetricOptimizer.php,AtlasLoopIterateToMetricOptimizer,ORFAO,0,0,234,high
app/Services/Ai/AutonomousEvolution/AtlasLoopJObjective.php,AtlasLoopJObjective,ORFAO,0,1,98,high
app/Services/Ai/AutonomousEvolution/AtlasLoopJudgeConsensusGate.php,AtlasLoopJudgeConsensusGate,VIVO-TRANSITIVO,0,5,141,
app/Services/Ai/AutonomousEvolution/AtlasLoopJudgeDisagreementDiagnostic.php,AtlasLoopJudgeDisagreementDiagnostic,ORFAO,0,1,101,high
app/Services/Ai/AutonomousEvolution/AtlasLoopJudgeEffortEscalator.php,AtlasLoopJudgeEffortEscalator,ORFAO,0,1,96,high
app/Services/Ai/AutonomousEvolution/AtlasLoopJudgeSelfCalibrationService.php,AtlasLoopJudgeSelfCalibrationService,ORFAO,0,1,379,high
app/Services/Ai/AutonomousEvolution/AtlasLoopLeapDecompositionSeeder.php,AtlasLoopLeapDecompositionSeeder,ORFAO,0,0,147,high
app/Services/Ai/AutonomousEvolution/AtlasLoopLeapReceiptLedger.php,AtlasLoopLeapReceiptLedger,ORFAO,0,0,163,high
app/Services/Ai/AutonomousEvolution/AtlasLoopLeapRiskAuditor.php,AtlasLoopLeapRiskAuditor,ORFAO,0,0,145,high
app/Services/Ai/AutonomousEvolution/AtlasLoopLearningAppendService.php,AtlasLoopLearningAppendService,VIVO-EXTERNO,1,0,122,
app/Services/Ai/AutonomousEvolution/AtlasLoopLeverImpactMeter.php,AtlasLoopLeverImpactMeter,ORFAO,0,2,178,high
app/Services/Ai/AutonomousEvolution/Discovery/AtlasLoopLeverageScorer.php,AtlasLoopLeverageScorer,VIVO-TRANSITIVO,0,3,191,
app/Services/Ai/AutonomousEvolution/AtlasLoopLeverageSelector.php,AtlasLoopLeverageSelector,VIVO-TRANSITIVO,0,5,144,
app/Services/Ai/AutonomousEvolution/LiveCycle/Integration/AtlasLoopLiveCycleAuditTrail.php,AtlasLoopLiveCycleAuditTrail,ORFAO,0,0,212,high
app/Services/Ai/AutonomousEvolution/LiveCycle/Integration/AtlasLoopLiveCycleOrchestrator.php,AtlasLoopLiveCycleOrchestrator,ORFAO,0,1,218,high
app/Services/Ai/AutonomousEvolution/LiveCycle/Integration/AtlasLoopLiveCyclePhaseReceiptComposer.php,AtlasLoopLiveCyclePhaseReceiptComposer,ORFAO,0,0,82,high
app/Services/Ai/AutonomousEvolution/LiveCycle/Integration/AtlasLoopLiveCycleResumeManager.php,AtlasLoopLiveCycleResumeManager,ORFAO,0,0,204,high
app/Services/Ai/AutonomousEvolution/AtlasLoopLossObserverService.php,AtlasLoopLossObserverService,VIVO-EXTERNO,1,2,322,
app/Services/Ai/AutonomousEvolution/SelfModel/Oracle/Domains/AtlasLoopMarketingOutcomeOracle.php,AtlasLoopMarketingOutcomeOracle,ORFAO,0,0,47,high
app/Services/Ai/AutonomousEvolution/AtlasLoopMasterSwitch.php,AtlasLoopMasterSwitch,VIVO-EXTERNO,12,11,122,
app/Services/Ai/AutonomousEvolution/Constitution/AtlasLoopMergeActuator.php,AtlasLoopMergeActuator,VIVO-EXTERNO,2,3,197,
app/Services/Ai/AutonomousEvolution/BehaviorDelta/AtlasLoopMergedDeliveryBehaviorDeltaRecorder.php,AtlasLoopMergedDeliveryBehaviorDeltaRecorder,VIVO-TRANSITIVO,0,1,189,
app/Services/Ai/AutonomousEvolution/AtlasLoopMetaHarnessAbLiftService.php,AtlasLoopMetaHarnessAbLiftService,VIVO-TRANSITIVO,0,1,232,
app/Services/Ai/AutonomousEvolution/Discovery/AtlasLoopMetaHarnessIntentSource.php,AtlasLoopMetaHarnessIntentSource,VIVO-EXTERNO,1,1,128,
app/Services/Ai/AutonomousEvolution/Antifragile/AtlasLoopMetaObjectiveProposer.php,AtlasLoopMetaObjectiveProposer,ORFAO,0,0,84,high
app/Services/Ai/AutonomousEvolution/Discovery/AtlasLoopMethodNeutralizer.php,AtlasLoopMethodNeutralizer,VIVO-TRANSITIVO,0,1,78,
app/Services/Ai/AutonomousEvolution/AtlasLoopMetricHarness.php,AtlasLoopMetricHarness,VIVO-TRANSITIVO,0,5,202,
app/Services/Ai/AutonomousEvolution/AtlasLoopModelFloorReceiptLedger.php,AtlasLoopModelFloorReceiptLedger,VIVO-EXTERNO,1,1,166,
app/Services/Ai/AutonomousEvolution/SelfModel/Oracle/AtlasLoopModelOutcomeOracle.php,AtlasLoopModelOutcomeOracle,ORFAO,0,5,28,high
app/Services/Ai/AutonomousEvolution/AtlasLoopModelProjectionCritic.php,AtlasLoopModelProjectionCritic,VIVO-TRANSITIVO,0,1,201,
app/Services/Ai/AutonomousEvolution/SelfModel/Promotion/AtlasLoopModelPromotionGate.php,AtlasLoopModelPromotionGate,ORFAO,0,0,53,high
app/Services/Ai/AutonomousEvolution/SelfModel/Registry/AtlasLoopModelRegistry.php,AtlasLoopModelRegistry,ORFAO,0,1,90,high
app/Services/Ai/AutonomousEvolution/AtlasLoopMorningDigestService.php,AtlasLoopMorningDigestService,VIVO-EXTERNO,3,4,694,
app/Services/Ai/AutonomousEvolution/MultiCycle/AtlasLoopMultiCycleCoordinationProtocol.php,AtlasLoopMultiCycleCoordinationProtocol,ORFAO,0,0,191,high
app/Services/Ai/AutonomousEvolution/MultiCycle/AtlasLoopMultiCycleReceiptLedger.php,AtlasLoopMultiCycleReceiptLedger,ORFAO,0,0,81,high
app/Services/Ai/AutonomousEvolution/MultiCycle/AtlasLoopMultiCycleSubScopePartitioner.php,AtlasLoopMultiCycleSubScopePartitioner,ORFAO,0,0,109,high
app/Services/Ai/AutonomousEvolution/Discovery/AtlasLoopMultiFileRefactorSynthesizer.php,AtlasLoopMultiFileRefactorSynthesizer,VIVO-EXTERNO,1,3,117,
app/Services/Ai/AutonomousEvolution/Discovery/AtlasLoopMultiFileRefactorSynthesizerSupport.php,AtlasLoopMultiFileRefactorSynthesizerSupport,VIVO-TRANSITIVO,0,1,199,
app/Services/Ai/AutonomousEvolution/AtlasLoopMultiRepoMergeAuthority.php,AtlasLoopMultiRepoMergeAuthority,VIVO-TRANSITIVO,0,2,194,
app/Services/Ai/AutonomousEvolution/AtlasLoopMultiSiteWiringPlanner.php,AtlasLoopMultiSiteWiringPlanner,ORFAO,0,0,95,review-aael
app/Services/Ai/AutonomousEvolution/SelfModel/Registry/AtlasLoopMuscleRollbackController.php,AtlasLoopMuscleRollbackController,ORFAO,0,0,36,high
app/Services/Ai/AutonomousEvolution/AtlasLoopMutationAdequacyGateService.php,AtlasLoopMutationAdequacyGateService,VIVO-EXTERNO,1,3,896,
app/Services/Ai/AutonomousEvolution/AtlasLoopMutationOperators.php,AtlasLoopMutationOperators,VIVO-TRANSITIVO,0,10,245,
app/Services/Ai/AutonomousEvolution/AtlasLoopNetDiffCertCollector.php,AtlasLoopNetDiffCertCollector,VIVO-TRANSITIVO,0,1,153,
app/Services/Ai/AutonomousEvolution/AtlasLoopNetDiffCertJudge.php,AtlasLoopNetDiffCertJudge,VIVO-TRANSITIVO,0,1,177,
app/Services/Ai/AutonomousEvolution/AtlasLoopNetDiffCertReceiptLedger.php,AtlasLoopNetDiffCertReceiptLedger,VIVO-EXTERNO,1,0,152,
app/Services/Ai/AutonomousEvolution/AtlasLoopNetDirectionGuard.php,AtlasLoopNetDirectionGuard,VIVO-TRANSITIVO,0,3,121,
app/Services/Ai/AutonomousEvolution/Discovery/AtlasLoopNextWorkDecider.php,AtlasLoopNextWorkDecider,VIVO-EXTERNO,1,5,245,
app/Services/Ai/AutonomousEvolution/Discovery/AtlasLoopNodeInterfaceContract.php,AtlasLoopNodeInterfaceContract,VIVO-TRANSITIVO,0,2,158,
app/Services/Ai/AutonomousEvolution/Discovery/AtlasLoopNodeInterfaceExtractor.php,AtlasLoopNodeInterfaceExtractor,VIVO-TRANSITIVO,0,4,244,
app/Services/Ai/AutonomousEvolution/Discovery/AtlasLoopNodeInterfaceVerifier.php,AtlasLoopNodeInterfaceVerifier,VIVO-TRANSITIVO,0,3,42,
app/Services/Ai/AutonomousEvolution/Discovery/AtlasLoopNodeInterfaceVerifierSupport.php,AtlasLoopNodeInterfaceVerifierSupport,VIVO-TRANSITIVO,0,1,219,
app/Services/Ai/AutonomousEvolution/AtlasLoopObjectiveDivergence.php,AtlasLoopObjectiveDivergence,VIVO-TRANSITIVO,0,2,101,
app/Services/Ai/AutonomousEvolution/Discovery/AtlasLoopObjectiveProducer.php,AtlasLoopObjectiveProducer,VIVO-EXTERNO,1,3,795,
app/Services/Ai/AutonomousEvolution/AtlasLoopObraAutoMergeService.php,AtlasLoopObraAutoMergeService,VIVO-EXTERNO,1,4,466,
app/Services/Ai/AutonomousEvolution/AtlasLoopObraBridgeService.php,AtlasLoopObraBridgeService,VIVO-TRANSITIVO,0,2,683,
app/Services/Ai/AutonomousEvolution/Discovery/AtlasLoopObraClusterCandidate.php,AtlasLoopObraClusterCandidate,VIVO-TRANSITIVO,0,2,148,
app/Services/Ai/AutonomousEvolution/Discovery/AtlasLoopObraDecompositionPlanner.php,AtlasLoopObraDecompositionPlanner,VIVO-TRANSITIVO,0,1,103,
app/Services/Ai/AutonomousEvolution/AtlasLoopObraExecutionAdapter.php,AtlasLoopObraExecutionAdapter,VIVO-TRANSITIVO,0,3,1231,
app/Services/Ai/AutonomousEvolution/Support/AtlasLoopObraGitWorktreeProbe.php,AtlasLoopObraGitWorktreeProbe,VIVO-TRANSITIVO,0,1,52,
app/Services/Ai/AutonomousEvolution/Discovery/AtlasLoopObraPlanValidator.php,AtlasLoopObraPlanValidator,VIVO-TRANSITIVO,0,3,422,
app/Services/Ai/AutonomousEvolution/Support/AtlasLoopObraPlanningProviderInvoker.php,AtlasLoopObraPlanningProviderInvoker,VIVO-TRANSITIVO,0,1,73,
app/Services/Ai/AutonomousEvolution/AtlasLoopObservabilityDigest.php,AtlasLoopObservabilityDigest,VIVO-TRANSITIVO,0,1,81,
app/Services/Ai/AutonomousEvolution/Quaternity/LoopIntentDrift/AtlasLoopOperatorIntentDriftDetector.php,AtlasLoopOperatorIntentDriftDetector,ORFAO,0,0,150,high
app/Services/Ai/AutonomousEvolution/Quaternity/LoopIntentDrift/AtlasLoopOperatorIntentDriftFact.php,AtlasLoopOperatorIntentDriftFact,ORFAO,0,2,48,high
app/Services/Ai/AutonomousEvolution/Quaternity/IntentIngest/AtlasLoopOperatorIntentFactExtractor.php,AtlasLoopOperatorIntentFactExtractor,ORFAO,0,0,148,high
app/Services/Ai/AutonomousEvolution/Quaternity/IntentIngest/AtlasLoopOperatorIntentReceiptLedger.php,AtlasLoopOperatorIntentReceiptLedger,ORFAO,0,0,109,high
app/Services/Ai/AutonomousEvolution/Quaternity/IntentIngest/AtlasLoopOperatorIntentSchemaRegistry.php,AtlasLoopOperatorIntentSchemaRegistry,VIVO-EXTERNO,1,0,132,
app/Services/Ai/AutonomousEvolution/Quaternity/LoopIntentDrift/AtlasLoopOperatorIntentSource.php,AtlasLoopOperatorIntentSource,VIVO-EXTERNO,1,1,17,
app/Services/Ai/AutonomousEvolution/Quaternity/IntentIngest/AtlasLoopOperatorIntentStreamReader.php,AtlasLoopOperatorIntentStreamReader,VIVO-EXTERNO,1,1,116,
app/Services/Ai/AutonomousEvolution/AtlasLoopOperatorReviewMobilePublisher.php,AtlasLoopOperatorReviewMobilePublisher,VIVO-EXTERNO,1,0,186,
app/Services/Ai/AutonomousEvolution/AtlasLoopOperatorReviewQueueService.php,AtlasLoopOperatorReviewQueueService,VIVO-TRANSITIVO,0,3,215,
app/Services/Ai/AutonomousEvolution/Discovery/AtlasLoopOriginationBuilder.php,AtlasLoopOriginationBuilder,VIVO-TRANSITIVO,0,2,142,
app/Services/Ai/AutonomousEvolution/AtlasLoopOriginationDeliveryBridge.php,AtlasLoopOriginationDeliveryBridge,VIVO-EXTERNO,1,2,90,
app/Services/Ai/AutonomousEvolution/AtlasLoopOriginationOutcomeRecorder.php,AtlasLoopOriginationOutcomeRecorder,VIVO-TRANSITIVO,0,2,141,
app/Services/Ai/AutonomousEvolution/AtlasLoopOriginationPipeline.php,AtlasLoopOriginationPipeline,VIVO-EXTERNO,4,2,862,
app/Services/Ai/AutonomousEvolution/AtlasLoopOriginationProducer.php,AtlasLoopOriginationProducer,VIVO-TRANSITIVO,0,3,170,
app/Services/Ai/AutonomousEvolution/AtlasLoopOrphanWiringExecutionAdapter.php,AtlasLoopOrphanWiringExecutionAdapter,VIVO-TRANSITIVO,0,3,97,
app/Services/Ai/AutonomousEvolution/AtlasLoopOrphanWiringRouteHandler.php,AtlasLoopOrphanWiringRouteHandler,VIVO-TRANSITIVO,0,1,66,
app/Services/Ai/AutonomousEvolution/SelfModel/Corpus/AtlasLoopOutcomeCorpusBuilder.php,AtlasLoopOutcomeCorpusBuilder,ORFAO,0,0,102,high
app/Services/Ai/AutonomousEvolution/Discovery/AtlasLoopParkEscalation.php,AtlasLoopParkEscalation,VIVO-TRANSITIVO,0,1,119,
app/Services/Ai/AutonomousEvolution/Pattern/AtlasLoopPatternChampionGate.php,AtlasLoopPatternChampionGate,VIVO-TRANSITIVO,0,2,197,
app/Services/Ai/AutonomousEvolution/Pattern/AtlasLoopPatternLearningLedger.php,AtlasLoopPatternLearningLedger,VIVO-EXTERNO,1,1,162,
app/Services/Ai/AutonomousEvolution/Pattern/AtlasLoopPatternRegistry.php,AtlasLoopPatternRegistry,VIVO-TRANSITIVO,0,3,331,
app/Services/Ai/AutonomousEvolution/Pattern/AtlasLoopPatternSelector.php,AtlasLoopPatternSelector,VIVO-TRANSITIVO,0,1,222,
app/Services/Ai/AutonomousEvolution/Pattern/AtlasLoopPatternSpec.php,AtlasLoopPatternSpec,VIVO-TRANSITIVO,0,4,399,
app/Services/Ai/AutonomousEvolution/Permissions/AtlasLoopPermissionDeniedException.php,AtlasLoopPermissionDeniedException,VIVO-TRANSITIVO,0,1,30,
app/Services/Ai/AutonomousEvolution/Permissions/AtlasLoopPermissionLevel.php,AtlasLoopPermissionLevel,VIVO-TRANSITIVO,0,2,34,
app/Services/Ai/AutonomousEvolution/Permissions/AtlasLoopPermissionLevelEnforcer.php,AtlasLoopPermissionLevelEnforcer,VIVO-EXTERNO,1,1,97,
app/Services/Ai/AutonomousEvolution/Permissions/AtlasLoopPermissionLevelReceiptLedger.php,AtlasLoopPermissionLevelReceiptLedger,ORFAO,0,0,75,high
app/Services/Ai/AutonomousEvolution/Permissions/AtlasLoopPermissionLevelRegistry.php,AtlasLoopPermissionLevelRegistry,VIVO-TRANSITIVO,0,2,75,
app/Services/Ai/AutonomousEvolution/Permissions/AtlasLoopPermissionReceipt.php,AtlasLoopPermissionReceipt,ORFAO,0,1,55,high
app/Services/Ai/AutonomousEvolution/LiveCycle/FactPassing/AtlasLoopPhaseBoundaryFactDriftDetector.php,AtlasLoopPhaseBoundaryFactDriftDetector,ORFAO,0,0,127,high
app/Services/Ai/AutonomousEvolution/LiveCycle/FactPassing/AtlasLoopPhaseBoundaryFactReceiptLedger.php,AtlasLoopPhaseBoundaryFactReceiptLedger,ORFAO,0,1,101,high
app/Services/Ai/AutonomousEvolution/LiveCycle/FactPassing/AtlasLoopPhaseBoundaryFactSchemaRegistry.php,AtlasLoopPhaseBoundaryFactSchemaRegistry,ORFAO,0,1,98,high
app/Services/Ai/AutonomousEvolution/LiveCycle/FactPassing/AtlasLoopPhaseBoundaryFactValidationResult.php,AtlasLoopPhaseBoundaryFactValidationResult,ORFAO,0,1,21,high
app/Services/Ai/AutonomousEvolution/LiveCycle/FactPassing/AtlasLoopPhaseBoundaryFactValidator.php,AtlasLoopPhaseBoundaryFactValidator,ORFAO,0,1,91,high
app/Services/Ai/AutonomousEvolution/Campaign/AtlasLoopPipelineDrift.php,AtlasLoopPipelineDrift,VIVO-TRANSITIVO,0,2,132,
app/Services/Ai/AutonomousEvolution/Discovery/AtlasLoopPlanReadinessGate.php,AtlasLoopPlanReadinessGate,VIVO-TRANSITIVO,0,2,454,
app/Services/Ai/AutonomousEvolution/Coherence/AtlasLoopPostEditCoherenceReceiptLedger.php,AtlasLoopPostEditCoherenceReceiptLedger,ORFAO,0,0,95,high
app/Services/Ai/AutonomousEvolution/Coherence/AtlasLoopPostEditCoherenceScanner.php,AtlasLoopPostEditCoherenceScanner,ORFAO,0,0,269,high
app/Services/Ai/AutonomousEvolution/Coherence/AtlasLoopPostEditOrphanedTestDetector.php,AtlasLoopPostEditOrphanedTestDetector,ORFAO,0,0,127,high
app/Services/Ai/AutonomousEvolution/Metrics/AtlasLoopPrimitiveArmedRatio.php,AtlasLoopPrimitiveArmedRatio,ORFAO,0,0,213,high
app/Services/Ai/AutonomousEvolution/Resilience/AtlasLoopProcessTopologyProbe.php,AtlasLoopProcessTopologyProbe,ORFAO,0,1,211,high
app/Services/Ai/AutonomousEvolution/AtlasLoopProjectionEngine.php,AtlasLoopProjectionEngine,VIVO-TRANSITIVO,0,5,251,
app/Services/Ai/AutonomousEvolution/AtlasLoopProjectionMemoryRecall.php,AtlasLoopProjectionMemoryRecall,ORFAO,0,0,216,high
app/Services/Ai/AutonomousEvolution/AtlasLoopProjectionObligationContracts.php,AtlasLoopProjectionObligationContracts,VIVO-TRANSITIVO,0,2,88,
app/Services/Ai/AutonomousEvolution/AtlasLoopProjectionOutcomeLedger.php,AtlasLoopProjectionOutcomeLedger,VIVO-EXTERNO,1,3,109,
app/Services/Ai/AutonomousEvolution/AtlasLoopProposalDiffReconstructor.php,AtlasLoopProposalDiffReconstructor,VIVO-EXTERNO,1,2,71,
app/Services/Ai/AutonomousEvolution/AtlasLoopProposalMaterializer.php,AtlasLoopProposalMaterializer,VIVO-TRANSITIVO,0,5,404,
app/Services/Ai/AutonomousEvolution/AtlasLoopProposalOutOfProcessVerifier.php,AtlasLoopProposalOutOfProcessVerifier,VIVO-EXTERNO,1,0,452,
app/Services/Ai/AutonomousEvolution/AtlasLoopProposalPromotionGate.php,AtlasLoopProposalPromotionGate,VIVO-EXTERNO,1,4,391,
app/Services/Ai/AutonomousEvolution/AtlasLoopProposalReverser.php,AtlasLoopProposalReverser,ORFAO,0,0,157,high
app/Services/Ai/AutonomousEvolution/AtlasLoopProviderCircuitBreaker.php,AtlasLoopProviderCircuitBreaker,VIVO-TRANSITIVO,0,4,121,
app/Services/Ai/AutonomousEvolution/AtlasLoopProviderContextOptimizer.php,AtlasLoopProviderContextOptimizer,VIVO-EXTERNO,1,1,513,
app/Services/Ai/AutonomousEvolution/AtlasLoopProviderEditApplier.php,AtlasLoopProviderEditApplier,ORFAO,0,0,245,high
app/Services/Ai/AutonomousEvolution/AtlasLoopProviderEffortPolicy.php,AtlasLoopProviderEffortPolicy,VIVO-EXTERNO,1,2,86,
app/Services/Ai/AutonomousEvolution/AtlasLoopProviderHealthProbe.php,AtlasLoopProviderHealthProbe,VIVO-TRANSITIVO,0,2,185,
app/Services/Ai/AutonomousEvolution/AtlasLoopProviderRollbackPolicy.php,AtlasLoopProviderRollbackPolicy,ORFAO,0,0,296,high
app/Services/Ai/AutonomousEvolution/AtlasLoopProviderRouter.php,AtlasLoopProviderRouter,VIVO-TRANSITIVO,0,3,77,
app/Services/Ai/AutonomousEvolution/Observability/AtlasLoopProxyDriftFactDetector.php,AtlasLoopProxyDriftFactDetector,ORFAO,0,0,190,high
app/Services/Ai/AutonomousEvolution/AtlasLoopQualityGrader.php,AtlasLoopQualityGrader,VIVO-TRANSITIVO,0,5,230,
app/Services/Ai/AutonomousEvolution/Quaternity/Receipts/AtlasLoopQuaternityCycleReceiptComposer.php,AtlasLoopQuaternityCycleReceiptComposer,ORFAO,0,1,91,high
app/Services/Ai/AutonomousEvolution/Quaternity/Receipts/AtlasLoopQuaternityCycleReceiptLedger.php,AtlasLoopQuaternityCycleReceiptLedger,ORFAO,0,0,116,high
app/Services/Ai/AutonomousEvolution/Observability/AtlasLoopQueueDryingAlarmDetector.php,AtlasLoopQueueDryingAlarmDetector,ORFAO,0,0,251,high
app/Services/Ai/AutonomousEvolution/Discovery/AtlasLoopQueueRefiller.php,AtlasLoopQueueRefiller,VIVO-EXTERNO,1,9,1831,
app/Services/Ai/AutonomousEvolution/AtlasLoopRealWorkScorecardService.php,AtlasLoopRealWorkScorecardService,VIVO-TRANSITIVO,0,2,757,
app/Services/Ai/AutonomousEvolution/Recovery/AtlasLoopReceiptReplayer.php,AtlasLoopReceiptReplayer,VIVO-EXTERNO,1,1,129,
app/Services/Ai/AutonomousEvolution/AtlasLoopRecursiveSelfImprovementGate.php,AtlasLoopRecursiveSelfImprovementGate,VIVO-EXTERNO,1,0,80,
app/Services/Ai/AutonomousEvolution/AtlasLoopRedReasonGate.php,AtlasLoopRedReasonGate,VIVO-TRANSITIVO,0,1,103,
app/Services/Ai/AutonomousEvolution/Discovery/AtlasLoopRefactorObjectiveSynthesizer.php,AtlasLoopRefactorObjectiveSynthesizer,VIVO-EXTERNO,1,4,233,
app/Services/Ai/AutonomousEvolution/AtlasLoopRefactorObraL410ProofService.php,AtlasLoopRefactorObraL410ProofService,VIVO-TRANSITIVO,0,1,189,
app/Services/Ai/AutonomousEvolution/Discovery/Supply/AtlasLoopRefillerCoveragePortfolioGate.php,AtlasLoopRefillerCoveragePortfolioGate,VIVO-TRANSITIVO,0,1,86,
app/Services/Ai/AutonomousEvolution/Discovery/Supply/AtlasLoopRefillerOrphanWiringPacketBuilder.php,AtlasLoopRefillerOrphanWiringPacketBuilder,VIVO-TRANSITIVO,0,1,125,
app/Services/Ai/AutonomousEvolution/Discovery/Supply/AtlasLoopRefillerPayloadNormalizer.php,AtlasLoopRefillerPayloadNormalizer,VIVO-EXTERNO,2,2,55,
app/Services/Ai/AutonomousEvolution/Consolidation/AtlasLoopRefillerPort.php,AtlasLoopRefillerPort,VIVO-EXTERNO,1,2,22,
app/Services/Ai/AutonomousEvolution/Consolidation/AtlasLoopRefillerPriorityDecider.php,AtlasLoopRefillerPriorityDecider,VIVO-TRANSITIVO,0,1,124,
app/Services/Ai/AutonomousEvolution/Consolidation/AtlasLoopRefillerRootCollaborators.php,AtlasLoopRefillerRootCollaborators,VIVO-EXTERNO,1,0,25,
app/Services/Ai/AutonomousEvolution/Consolidation/AtlasLoopRefillerSupplyLaneContract.php,AtlasLoopRefillerSupplyLaneContract,ORFAO,0,0,22,high
app/Services/Ai/AutonomousEvolution/Consolidation/AtlasLoopRefillerSupplyLaneCoordinator.php,AtlasLoopRefillerSupplyLaneCoordinator,VIVO-EXTERNO,3,3,533,
app/Services/Ai/AutonomousEvolution/Discovery/Supply/AtlasLoopRefillerSupplySpecPathResolver.php,AtlasLoopRefillerSupplySpecPathResolver,VIVO-TRANSITIVO,0,1,46,
app/Services/Ai/AutonomousEvolution/Discovery/Supply/AtlasLoopRefillerTaskClassifier.php,AtlasLoopRefillerTaskClassifier,VIVO-TRANSITIVO,0,1,78,
app/Services/Ai/AutonomousEvolution/AtlasLoopRefusalCriticPanel.php,AtlasLoopRefusalCriticPanel,VIVO-EXTERNO,1,1,156,
app/Services/Ai/AutonomousEvolution/AtlasLoopRegressionSentinel.php,AtlasLoopRegressionSentinel,ORFAO,0,1,129,high
app/Services/Ai/AutonomousEvolution/AtlasLoopRegressionWatcher.php,AtlasLoopRegressionWatcher,ORFAO,0,0,191,high
app/Services/Ai/AutonomousEvolution/AtlasLoopRejectionDimensionRouter.php,AtlasLoopRejectionDimensionRouter,VIVO-TRANSITIVO,0,1,73,
app/Services/Ai/AutonomousEvolution/Sentinels/AtlasLoopReplenisherDocGapOracleCoverageSentinel.php,AtlasLoopReplenisherDocGapOracleCoverageSentinel,VIVO-EXTERNO,1,1,84,
app/Services/Ai/AutonomousEvolution/Sentinels/AtlasLoopReplenisherSiblingRoleCoherenceSentinel.php,AtlasLoopReplenisherSiblingRoleCoherenceSentinel,VIVO-EXTERNO,1,1,147,
app/Services/Ai/AutonomousEvolution/RepoWide/AtlasLoopRepoWideCallerResolver.php,AtlasLoopRepoWideCallerResolver,ORFAO,0,1,100,high
app/Services/Ai/AutonomousEvolution/RepoWide/AtlasLoopRepoWideConsumersProvider.php,AtlasLoopRepoWideConsumersProvider,ORFAO,0,0,212,high
app/Services/Ai/AutonomousEvolution/AtlasLoopResearchContract.php,AtlasLoopResearchContract,ORFAO,0,1,138,high
app/Services/Ai/AutonomousEvolution/Discovery/AtlasLoopResearchOriginator.php,AtlasLoopResearchOriginator,VIVO-TRANSITIVO,0,1,98,
app/Services/Ai/AutonomousEvolution/Discovery/AtlasLoopResearchTopicDeriver.php,AtlasLoopResearchTopicDeriver,VIVO-TRANSITIVO,0,1,100,
app/Services/Ai/AutonomousEvolution/Resilience/AtlasLoopResilienceReceiptLedger.php,AtlasLoopResilienceReceiptLedger,ORFAO,0,0,211,high
app/Services/Ai/AutonomousEvolution/AtlasLoopResourceGate.php,AtlasLoopResourceGate,VIVO-TRANSITIVO,0,3,241,
app/Services/Ai/AutonomousEvolution/Recovery/AtlasLoopRestoreVerificationResult.php,AtlasLoopRestoreVerificationResult,ORFAO,0,1,38,high
app/Services/Ai/AutonomousEvolution/Recovery/AtlasLoopRestoreVerifier.php,AtlasLoopRestoreVerifier,ORFAO,0,1,136,high
app/Services/Ai/AutonomousEvolution/Discovery/AtlasLoopRubricComplianceGate.php,AtlasLoopRubricComplianceGate,ORFAO,0,0,100,high
app/Services/Ai/AutonomousEvolution/Persistence/AtlasLoopRunPersister.php,AtlasLoopRunPersister,VIVO-TRANSITIVO,0,1,121,
app/Services/Ai/AutonomousEvolution/AtlasLoopScenarioProviderPortfolio.php,AtlasLoopScenarioProviderPortfolio,VIVO-EXTERNO,1,0,110,
app/Services/Ai/AutonomousEvolution/Migration/Runner/AtlasLoopSchemaMigrationDryRunReporter.php,AtlasLoopSchemaMigrationDryRunReporter,ORFAO,0,0,201,high
app/Services/Ai/AutonomousEvolution/Migration/Runner/AtlasLoopSchemaMigrationExecutableRunner.php,AtlasLoopSchemaMigrationExecutableRunner,ORFAO,0,0,245,high
app/Services/Ai/AutonomousEvolution/Migration/Runner/AtlasLoopSchemaMigrationExecutionReceiptLedger.php,AtlasLoopSchemaMigrationExecutionReceiptLedger,ORFAO,0,0,100,high
app/Services/Ai/AutonomousEvolution/Migration/AtlasLoopSchemaMigrationReceiptLedger.php,AtlasLoopSchemaMigrationReceiptLedger,ORFAO,0,0,178,high
app/Services/Ai/AutonomousEvolution/Migration/AtlasLoopSchemaMigrationRegistry.php,AtlasLoopSchemaMigrationRegistry,ORFAO,0,1,148,high
app/Services/Ai/AutonomousEvolution/Migration/Runner/AtlasLoopSchemaMigrationRollback.php,AtlasLoopSchemaMigrationRollback,ORFAO,0,0,159,high
app/Services/Ai/AutonomousEvolution/Migration/AtlasLoopSchemaMigrationRunner.php,AtlasLoopSchemaMigrationRunner,ORFAO,0,0,157,high
app/Services/Ai/AutonomousEvolution/Discovery/AtlasLoopScopeComprehensionModel.php,AtlasLoopScopeComprehensionModel,VIVO-EXTERNO,7,17,182,
app/Services/Ai/AutonomousEvolution/Discovery/AtlasLoopScopeComprehensionModelBuilder.php,AtlasLoopScopeComprehensionModelBuilder,VIVO-EXTERNO,4,5,638,
app/Services/Ai/AutonomousEvolution/Discovery/AtlasLoopScopeComprehensionQuery.php,AtlasLoopScopeComprehensionQuery,VIVO-EXTERNO,2,3,403,
app/Services/Ai/AutonomousEvolution/Discovery/AtlasLoopScopeComprehensionReadModel.php,AtlasLoopScopeComprehensionReadModel,VIVO-TRANSITIVO,0,1,148,
app/Services/Ai/AutonomousEvolution/Discovery/AtlasLoopSelfImprovementObjectiveBuilder.php,AtlasLoopSelfImprovementObjectiveBuilder,VIVO-TRANSITIVO,0,1,81,
app/Services/Ai/AutonomousEvolution/SelfMod/AtlasLoopSelfModEditClassifier.php,AtlasLoopSelfModEditClassifier,ORFAO,0,1,327,high
app/Services/Ai/AutonomousEvolution/SelfMod/AtlasLoopSelfModInvariantSurvivalChecker.php,AtlasLoopSelfModInvariantSurvivalChecker,ORFAO,0,0,297,high
app/Services/Ai/AutonomousEvolution/SelfMod/AtlasLoopSelfModProofReceiptLedger.php,AtlasLoopSelfModProofReceiptLedger,ORFAO,0,0,205,high
app/Services/Ai/AutonomousEvolution/SelfModel/Training/AtlasLoopSelfModelTrainingPlanComposer.php,AtlasLoopSelfModelTrainingPlanComposer,ORFAO,0,0,62,high
app/Services/Ai/AutonomousEvolution/AtlasLoopSemanticImplementationCertifier.php,AtlasLoopSemanticImplementationCertifier,VIVO-EXTERNO,1,6,1115,
app/Services/Ai/AutonomousEvolution/Sentinels/AtlasLoopServedQueueInspectorSweepSentinel.php,AtlasLoopServedQueueInspectorSweepSentinel,VIVO-EXTERNO,1,1,68,
app/Services/Ai/AutonomousEvolution/Sentinels/AtlasLoopServingQueueDiskConformanceSentinel.php,AtlasLoopServingQueueDiskConformanceSentinel,VIVO-EXTERNO,1,1,82,
app/Services/Ai/AutonomousEvolution/Discovery/AtlasLoopSiblingTestResolver.php,AtlasLoopSiblingTestResolver,VIVO-EXTERNO,2,8,207,
app/Services/Ai/AutonomousEvolution/Verify/AtlasLoopSignalAnalyzer.php,AtlasLoopSignalAnalyzer,VIVO-EXTERNO,1,15,674,
app/Services/Ai/AutonomousEvolution/Twin/AtlasLoopSimulableTwinOrchestrator.php,AtlasLoopSimulableTwinOrchestrator,ORFAO,0,1,246,high
app/Services/Ai/AutonomousEvolution/Simulation/AtlasLoopSimulationDryRunner.php,AtlasLoopSimulationDryRunner,ORFAO,0,1,64,high
app/Services/Ai/AutonomousEvolution/Simulation/AtlasLoopSimulationReceiptLedger.php,AtlasLoopSimulationReceiptLedger,ORFAO,0,0,121,high
app/Services/Ai/AutonomousEvolution/Simulation/AtlasLoopSimulationSandboxBuilder.php,AtlasLoopSimulationSandboxBuilder,ORFAO,0,0,170,high
app/Services/Ai/AutonomousEvolution/Retention/AtlasLoopSnapshotRetentionGc.php,AtlasLoopSnapshotRetentionGc,ORFAO,0,1,84,high
app/Services/Ai/AutonomousEvolution/Retention/AtlasLoopSnapshotRetentionPolicy.php,AtlasLoopSnapshotRetentionPolicy,ORFAO,0,1,99,high
app/Services/Ai/AutonomousEvolution/AtlasLoopSoakReportService.php,AtlasLoopSoakReportService,ORFAO,0,0,521,high
app/Services/Ai/AutonomousEvolution/Discovery/AtlasLoopSpecAmplificationGate.php,AtlasLoopSpecAmplificationGate,ORFAO,0,0,80,high
app/Services/Ai/AutonomousEvolution/Observability/AtlasLoopStagnationAlarmDetector.php,AtlasLoopStagnationAlarmDetector,ORFAO,0,0,175,high
app/Services/Ai/AutonomousEvolution/AtlasLoopStandaloneWorkspaceMaterializer.php,AtlasLoopStandaloneWorkspaceMaterializer,VIVO-TRANSITIVO,0,1,72,
app/Services/Ai/AutonomousEvolution/Discovery/AtlasLoopStateOfAtlasReader.php,AtlasLoopStateOfAtlasReader,VIVO-TRANSITIVO,0,1,219,
app/Services/Ai/AutonomousEvolution/Persistence/AtlasLoopStore.php,AtlasLoopStore,VIVO-EXTERNO,1,11,547,
app/Services/Ai/AutonomousEvolution/LiveCycle/Nesting/AtlasLoopSubCycleReceiptLedger.php,AtlasLoopSubCycleReceiptLedger,VIVO-EXTERNO,1,0,134,
app/Services/Ai/AutonomousEvolution/LiveCycle/Nesting/AtlasLoopSubCycleResultMerger.php,AtlasLoopSubCycleResultMerger,VIVO-EXTERNO,1,0,164,
app/Services/Ai/AutonomousEvolution/LiveCycle/Nesting/AtlasLoopSubCycleSpawner.php,AtlasLoopSubCycleSpawner,VIVO-EXTERNO,1,0,193,
app/Services/Ai/AutonomousEvolution/AtlasLoopSubstrateReceiptLedger.php,AtlasLoopSubstrateReceiptLedger,VIVO-EXTERNO,1,1,133,
app/Services/Ai/AutonomousEvolution/Metrics/AtlasLoopSupplyLaneGenuineYield.php,AtlasLoopSupplyLaneGenuineYield,ORFAO,0,0,303,high
app/Services/Ai/AutonomousEvolution/Discovery/AtlasLoopSystemAxisService.php,AtlasLoopSystemAxisService,VIVO-TRANSITIVO,0,2,127,
app/Services/Ai/AutonomousEvolution/Discovery/AtlasLoopTargetDiscoveryService.php,AtlasLoopTargetDiscoveryService,VIVO-EXTERNO,1,2,835,
app/Services/Ai/AutonomousEvolution/Discovery/AtlasLoopTargetRepository.php,AtlasLoopTargetRepository,VIVO-EXTERNO,1,4,362,
app/Services/Ai/AutonomousEvolution/TaskClassDiscovery/AtlasLoopTaskClassMiner.php,AtlasLoopTaskClassMiner,ORFAO,0,0,114,high
app/Services/Ai/AutonomousEvolution/TaskClassDiscovery/AtlasLoopTaskClassMinerSupport.php,AtlasLoopTaskClassMinerSupport,ORFAO,0,1,181,high
app/Services/Ai/AutonomousEvolution/TaskClassDiscovery/AtlasLoopTaskClassRegistry.php,AtlasLoopTaskClassRegistry,VIVO-EXTERNO,1,1,176,
app/Services/Ai/AutonomousEvolution/TaskClassDiscovery/AtlasLoopTaskClassRegistryEntry.php,AtlasLoopTaskClassRegistryEntry,VIVO-TRANSITIVO,0,1,48,
app/Services/Ai/AutonomousEvolution/AtlasLoopTaskDecompositionAmplifier.php,AtlasLoopTaskDecompositionAmplifier,VIVO-EXTERNO,1,1,332,
app/Services/Ai/AutonomousEvolution/AtlasLoopTaskGrinder.php,AtlasLoopTaskGrinder,VIVO-TRANSITIVO,0,5,1265,
app/Services/Ai/AutonomousEvolution/AtlasLoopTaxa2DialOverlayService.php,AtlasLoopTaxa2DialOverlayService,VIVO-TRANSITIVO,0,1,414,
app/Services/Ai/AutonomousEvolution/Campaign/AtlasLoopTerritoryClimbDecider.php,AtlasLoopTerritoryClimbDecider,VIVO-TRANSITIVO,0,1,99,
app/Services/Ai/AutonomousEvolution/Discovery/AtlasLoopTestPresenceOracle.php,AtlasLoopTestPresenceOracle,VIVO-TRANSITIVO,0,1,85,
app/Services/Ai/AutonomousEvolution/Metrics/AtlasLoopThrashLossRate.php,AtlasLoopThrashLossRate,ORFAO,0,0,388,high
app/Services/Ai/AutonomousEvolution/AtlasLoopTierPromotionChainService.php,AtlasLoopTierPromotionChainService,VIVO-EXTERNO,2,0,240,
app/Services/Ai/AutonomousEvolution/Discovery/AtlasLoopTouchesAxesProducer.php,AtlasLoopTouchesAxesProducer,VIVO-TRANSITIVO,0,2,116,
app/Services/Ai/AutonomousEvolution/SelfModel/Oracle/Domains/AtlasLoopTradingOutcomeOracle.php,AtlasLoopTradingOutcomeOracle,ORFAO,0,0,47,high
app/Services/Ai/AutonomousEvolution/AtlasLoopTransferGate.php,AtlasLoopTransferGate,VIVO-TRANSITIVO,0,1,68,
app/Services/Ai/AutonomousEvolution/AtlasLoopTransientDbException.php,AtlasLoopTransientDbException,VIVO-TRANSITIVO,0,2,17,
app/Services/Ai/AutonomousEvolution/Discovery/AtlasLoopTrustLadder.php,AtlasLoopTrustLadder,VIVO-TRANSITIVO,0,1,98,
app/Services/Ai/AutonomousEvolution/UnifiedReceipts/AtlasLoopUnifiedReceiptChain.php,AtlasLoopUnifiedReceiptChain,ORFAO,0,2,232,high
app/Services/Ai/AutonomousEvolution/UnifiedReceipts/AtlasLoopUnifiedReceiptChainNode.php,AtlasLoopUnifiedReceiptChainNode,ORFAO,0,2,68,high
app/Services/Ai/AutonomousEvolution/UnifiedReceipts/AtlasLoopUnifiedReceiptExportManifest.php,AtlasLoopUnifiedReceiptExportManifest,ORFAO,0,1,45,high
app/Services/Ai/AutonomousEvolution/UnifiedReceipts/AtlasLoopUnifiedReceiptExporter.php,AtlasLoopUnifiedReceiptExporter,ORFAO,0,0,193,high
app/Services/Ai/AutonomousEvolution/UnifiedReceipts/AtlasLoopUnifiedReceiptVerificationReport.php,AtlasLoopUnifiedReceiptVerificationReport,ORFAO,0,1,53,high
app/Services/Ai/AutonomousEvolution/UnifiedReceipts/AtlasLoopUnifiedReceiptVerifier.php,AtlasLoopUnifiedReceiptVerifier,ORFAO,0,1,206,high
app/Services/Ai/AutonomousEvolution/AtlasLoopUnusedImportWorkType.php,AtlasLoopUnusedImportWorkType,VIVO-TRANSITIVO,0,2,139,
app/Services/Ai/AutonomousEvolution/AtlasLoopUtilityGradeService.php,AtlasLoopUtilityGradeService,VIVO-TRANSITIVO,0,6,585,
app/Services/Ai/AutonomousEvolution/V2/AtlasLoopV2AuditJournal.php,AtlasLoopV2AuditJournal,ORFAO,0,3,172,high
app/Services/Ai/AutonomousEvolution/V2/AtlasLoopV2AutoRollbackDecider.php,AtlasLoopV2AutoRollbackDecider,ORFAO,0,0,163,high
app/Services/Ai/AutonomousEvolution/V2/AtlasLoopV2BlastRadiusCalculator.php,AtlasLoopV2BlastRadiusCalculator,ORFAO,0,2,167,high
app/Services/Ai/AutonomousEvolution/V2/AtlasLoopV2EnterpriseMergeGate.php,AtlasLoopV2EnterpriseMergeGate,ORFAO,0,0,179,high
app/Services/Ai/AutonomousEvolution/V2/AtlasLoopV2ScopeManifestRegistry.php,AtlasLoopV2ScopeManifestRegistry,ORFAO,0,2,201,high
app/Services/Ai/AutonomousEvolution/V2/AtlasLoopV2TerritoryPromotionOrchestrator.php,AtlasLoopV2TerritoryPromotionOrchestrator,ORFAO,0,0,101,high
app/Services/Ai/AutonomousEvolution/V3/AtlasLoopV3CapabilityFingerprint.php,AtlasLoopV3CapabilityFingerprint,ORFAO,0,0,80,high
app/Services/Ai/AutonomousEvolution/V3/AtlasLoopV3CrossScopeTransferProbe.php,AtlasLoopV3CrossScopeTransferProbe,ORFAO,0,0,171,high
app/Services/Ai/AutonomousEvolution/V3/AtlasLoopV3GraderPromotionGate.php,AtlasLoopV3GraderPromotionGate,ORFAO,0,0,96,high
app/Services/Ai/AutonomousEvolution/V3/AtlasLoopV3GraderRegistry.php,AtlasLoopV3GraderRegistry,ORFAO,0,0,39,high
app/Services/Ai/AutonomousEvolution/V3/AtlasLoopV3GraderSpec.php,AtlasLoopV3GraderSpec,ORFAO,0,2,98,high
app/Services/Ai/AutonomousEvolution/V3/AtlasLoopV3MetaLeverRecommender.php,AtlasLoopV3MetaLeverRecommender,ORFAO,0,0,78,high
app/Services/Ai/AutonomousEvolution/V3/AtlasLoopV3MetaStrategyDistiller.php,AtlasLoopV3MetaStrategyDistiller,ORFAO,0,0,100,high
app/Services/Ai/AutonomousEvolution/Discovery/AtlasLoopVaguenessPreScreener.php,AtlasLoopVaguenessPreScreener,VIVO-TRANSITIVO,0,1,70,
app/Services/Ai/AutonomousEvolution/AtlasLoopVerificationAtomNormalizer.php,AtlasLoopVerificationAtomNormalizer,VIVO-TRANSITIVO,0,1,386,
app/Services/Ai/AutonomousEvolution/Sentinels/AtlasLoopWave19SentinelWiringCanary.php,AtlasLoopWave19SentinelWiringCanary,VIVO-EXTERNO,1,0,78,
app/Services/Ai/AutonomousEvolution/AtlasLoopWeeklyAgendaProposalService.php,AtlasLoopWeeklyAgendaProposalService,VIVO-EXTERNO,1,0,771,
app/Services/Ai/AutonomousEvolution/Discovery/AtlasLoopWiredAcceptanceProducer.php,AtlasLoopWiredAcceptanceProducer,VIVO-TRANSITIVO,0,1,130,
app/Services/Ai/AutonomousEvolution/Discovery/AtlasLoopWiredCallerService.php,AtlasLoopWiredCallerService,VIVO-EXTERNO,2,11,440,
app/Services/Ai/AutonomousEvolution/AtlasLoopWiringIntentLedger.php,AtlasLoopWiringIntentLedger,ORFAO,0,1,83,high
app/Services/Ai/AutonomousEvolution/AtlasLoopWorkTypeContract.php,AtlasLoopWorkTypeContract,VIVO-TRANSITIVO,0,2,101,
app/Services/Ai/AutonomousEvolution/AtlasLoopWorkspaceMaterializer.php,AtlasLoopWorkspaceMaterializer,VIVO-TRANSITIVO,0,3,109,
app/Services/Ai/AutonomousEvolution/AtlasLoopWorkspaceMaterializerSupport2.php,AtlasLoopWorkspaceMaterializerSupport2,VIVO-TRANSITIVO,0,6,187,
app/Services/Ai/AutonomousEvolution/Verify/AtlasP3FindingDispatcher.php,AtlasP3FindingDispatcher,VIVO-TRANSITIVO,0,1,406,
app/Services/Ai/AutonomousEvolution/AtlasUnifiedLoopOrchestrator.php,AtlasUnifiedLoopOrchestrator,VIVO-EXTERNO,1,1,649,
app/Services/Ai/AutonomousEvolution/AtlasUnifiedLoopSupervisorService.php,AtlasUnifiedLoopSupervisorService,ORFAO,0,0,298,high
app/Services/Ai/AutonomousEvolution/Contracts/BroaderRegressionGateContract.php,BroaderRegressionGateContract,VIVO-EXTERNO,1,3,22,
app/Services/Ai/AutonomousEvolution/Simulation/DryRunReceipt.php,DryRunReceipt,ORFAO,0,2,36,high
app/Services/Ai/AutonomousEvolution/Support/GitSubprocess.php,GitSubprocess,VIVO-EXTERNO,8,11,19,
app/Services/Ai/AutonomousEvolution/Quaternity/IntentIngest/IntentReceipt.php,IntentReceipt,ORFAO,0,1,37,high
app/Services/Ai/AutonomousEvolution/Quaternity/IntentIngest/IntentReceiptDecision.php,IntentReceiptDecision,ORFAO,0,1,24,high
app/Services/Ai/AutonomousEvolution/LoopExecutionDriver.php,LoopExecutionDriver,VIVO-EXTERNO,2,2,28,
app/Services/Ai/AutonomousEvolution/Support/NowTrait.php,NowTrait,VIVO-TRANSITIVO,0,3,56,
app/Services/Ai/AutonomousEvolution/Discovery/ScopeRuntimeFacts.php,ScopeRuntimeFacts,VIVO-TRANSITIVO,0,1,24,
